titre,url,difficulte,type,duree_min,utilisateurs,publie,point_de_vue,competences,technologies,outils,description
Careers in Cyber,https://tryhackme.com/room/careersincybersn,easy,walkthrough,10,1949866,2026-01-01,,,,,Discover the perks and your place within Cyber Security.
What is Networking?,https://tryhackme.com/room/whatisnetworking,info,walkthrough,30,1451743,2021-07-01,Purple,Network troubleshooting,,,Begin learning the fundamentals of computer networking in this bite-sized and interactive module.
Linux Fundamentals (Pt1),https://tryhackme.com/room/linuxfundamentalspt15vm,easy,walkthrough,15,1247305,2026-05-28,,,,,Embark on the journey of learning the fundamentals of Linux. Learn to run some of the first essential commands on an interactive terminal.
DNS in Detail,https://tryhackme.com/room/dnsindetail,easy,walkthrough,45,776067,2021-05-11,Blue,Security analysis; Security operations,Linux,,Learn how DNS works and how it helps you access internet services.
Search Skills,https://tryhackme.com/room/searchskillscS,easy,walkthrough,15,729081,2024-10-21,,,,,Learn to efficiently search the Internet and use specialised services and technical docs for information
Junior Security Analyst Intro,https://tryhackme.com/room/jrsecanalystintrouxo,easy,walkthrough,15,727512,2022-02-22,Blue,Security analysis; Security operations,,,Play through a day in the life of a Security Analyst and experience their everyday duties.
Pentesting Fundamentals,https://tryhackme.com/room/pentestingfundamentals,easy,walkthrough,30,688404,2021-09-10,Red,Application penetration testing; Cloud penetration testing; Information gathering; Mobile penetration testing,Web,Burp Suite; Dirbuster,Learn the important ethics and methodologies behind every pentest.
HTTP in Detail,https://tryhackme.com/room/httpindetail,easy,walkthrough,30,682825,2021-05-11,Purple,Security analysis; Security operations,Web,Burp Suite,Learn about how you request content from a web server using the HTTP protocol
Intro to LAN,https://tryhackme.com/room/introtolan,info,walkthrough,15,646206,2021-07-01,Purple,Security analysis,,,Learn about some of the technologies and designs that power private networks
Windows Fundamentals 1,https://tryhackme.com/room/windowsfundamentals1xbx,info,walkthrough,30,604889,2021-06-22,Purple,Exploitation; File system navigation; Security analysis,Windows,Wireshark,"In part 1 of the Windows Fundamentals module, we'll start our journey learning about the Windows desktop, the NTFS file system, UAC, the Control Panel, and more.."
Nmap,https://tryhackme.com/room/furthernmap,easy,walkthrough,50,573675,2020-11-29,Purple,Penetration testing; Red teaming,,Nmap,"An in depth look at scanning with Nmap, a powerful network scanning tool."
Introductory Networking,https://tryhackme.com/room/introtonetworking,easy,walkthrough,20,512019,2020-03-24,Purple,Network penetration testing; Penetration testing; Red teaming,Linux; Windows,,An introduction to networking theory and basic networking tools
Learning Cyber Security,https://tryhackme.com/room/beginnerpathintro,easy,walkthrough,45,485264,2021-05-29,Red,Application penetration testing; Network security engineering; Penetration testing,,,Get a short introduction to a few of the security topics you'll be learning about.
Web Application Security,https://tryhackme.com/room/introwebapplicationsecurity,easy,walkthrough,90,467561,2022-04-25,Blue,Application penetration testing; Identity and access management (IAC); Security analysis; Security operations; Vulnerability analysis,Linux,Burpe Suite; Dirbuster,Learn about web applications and explore some of their common security issues.
Windows Fundamentals 2,https://tryhackme.com/room/windowsfundamentals2x0x,info,walkthrough,30,464521,2021-06-29,Purple,Exploitation; File system navigation; Security analysis,Windows,Device Manager; Resmon (Resource Manager); compmgmt; msinfo32,"In part 2 of the Windows Fundamentals module, discover more about System Configuration, UAC Settings, Resource Monitoring, the Windows Registry and more.."
Blue,https://tryhackme.com/room/blue,easy,walkthrough,30,462476,2020-01-10,Red,Penetration testing; Red teaming,Windows,Nmap,"Deploy & hack into a Windows machine, leveraging common misconfigurations issues."
Starting Out In Cyber Sec,https://tryhackme.com/room/startingoutincybersec,easy,walkthrough,10,460045,2020-09-27,Blue,Security analysis,,Splunk; Volatility,Learn about the different career paths in Cyber Security and how TryHackMe can help!
Red Team Fundamentals,https://tryhackme.com/room/redteamfundamentals,easy,walkthrough,20,425332,2022-02-08,Red,Documentation; Penetration testing; Red teaming,,,"Learn about the basics of a red engagement, the main components and stakeholders involved, and how red teaming differs from other cyber security engagements."
Metasploit: Introduction,https://tryhackme.com/room/metasploitintro,easy,walkthrough,30,399769,2021-09-24,Red,Exploit development; Red teaming; Vulnerability analysis,Linux,pattern_create; pattern_offset,An introduction to the main components of the Metasploit Framework.
Vulnversity,https://tryhackme.com/room/vulnversity,easy,walkthrough,45,381747,2020-03-21,Red,Penetration testing; Port scanning; Red teaming; Reverse shell techniques,Linux; Web,Gobuster; Nmap,"Learn about active recon, web app attacks and privilege escalation."
Pickle Rick,https://tryhackme.com/room/picklerick,easy,challenge,30,381112,2020-04-22,Red,Application penetration testing; Penetration testing; Red teaming,Linux,Burp Suite; Dirbuster,A Rick and Morty CTF. Help turn Rick back into a human!
Introductory Researching,https://tryhackme.com/room/introtoresearch,easy,walkthrough,45,376438,2020-03-29,Purple,Penetration testing; Security analysis,,,A brief introduction to research skills for pentesting.
Basic Pentesting,https://tryhackme.com/room/basicpentestingjt,easy,challenge,45,341333,2019-07-29,Red,Penetration testing; Red teaming,Linux,Enum4linux; Gobuster; Hydra; John the Ripper; LinPeas; Nmap,This is a machine that allows you to practise web app hacking and privilege escalation
Pyramid Of Pain,https://tryhackme.com/room/pyramidofpainax,easy,walkthrough,30,326069,2022-02-04,Blue,Incident response; Packet analysis; Security analysis; Security operations,Windows,Snort,Learn what the Pyramid of Pain is and how it ranks indicators by how painful they are for an adversary to change.
Intro to Digital Forensics,https://tryhackme.com/room/introdigitalforensics,easy,walkthrough,90,296825,2022-03-16,Blue,Digital forensics; Malware analysis; Security analysis,Linux,Redline; Volatility,Learn about digital forensics and related processes and experiment with a practical example.
Inside a Computer System,https://tryhackme.com/room/insideacomputer,easy,walkthrough,45,286996,2026-02-11,Purple,,N/A,,This room covers the basic components of a computer system.
Hydra,https://tryhackme.com/room/hydra,easy,walkthrough,45,272193,2020-02-19,Red,Network penetration testing; Penetration testing; Red teaming,Linux,Hydra,"Learn about and use Hydra, a fast network logon cracker, to bruteforce and obtain a website's credentials."
Passive Reconnaissance,https://tryhackme.com/room/passiverecon,easy,walkthrough,60,270751,2021-10-11,Blue,Domain enumeration; Information gathering; OSINT; Reconnaissance; Subdomain enumeration,Linux,,"Learn about the essential tools for passive reconnaissance, such as whois, nslookup, and dig."
OpenVPN,https://tryhackme.com/room/openvpn,easy,walkthrough,45,264344,2020-01-25,Purple,,Linux; MacOs; Windows,,A guide to connecting to our network using OpenVPN.
SQL Injection,https://tryhackme.com/room/sqlinjectionlm,medium,walkthrough,30,256565,2021-10-04,Red,Application penetration testing; Penetration testing; Red teaming,Linux,Gobuster; Nmap; SQLMap,Learn how to detect and exploit SQL Injection vulnerabilities
OhSINT,https://tryhackme.com/room/ohsint,easy,challenge,60,252008,2019-04-12,Red,Information gathering; OSINT; Red teaming,Web; Windows,,Are you able to use open source intelligence to solve this challenge?
Security Principles,https://tryhackme.com/room/securityprinciples,easy,walkthrough,90,248569,2022-11-15,Blue,Security analysis; Threat modelling,,,Learn about the security triad and common security models and principles.
Tutorial,https://tryhackme.com/room/tutorial,easy,walkthrough,15,246037,2020-06-12,,,,,Learn how to use a TryHackMe room to start your upskilling in cyber security.
Cyber Kill Chain,https://tryhackme.com/room/cyberkillchainzmt,easy,walkthrough,45,244441,2022-09-13,Blue,Incident handling; Incident management; OSINT,,Crowdstrike,The Cyber Kill Chain framework is designed for identification and prevention of the network intrusions. You will learn what the adversaries need to do in order to achieve their goals.
Network Services,https://tryhackme.com/room/networkservices,easy,walkthrough,60,232326,2020-05-05,Red,Brute force attacks; Network penetration testing; Penetration testing; Port scanning; Red teaming; Reverse shell techniques,Linux,Enum4Linux NEW; Hydra NEW; Telnet,"Learn about, then enumerate and exploit a variety of network services and misconfigurations."
Security Engineer Intro,https://tryhackme.com/room/securityengineerintro,easy,walkthrough,60,223194,2023-08-09,Blue,Risk assessment; Security operations; Vulnerability analysis,,,What does a day in the life of a security engineer look like?
Networking Concepts,https://tryhackme.com/room/networkingconcepts,easy,walkthrough,60,220441,2024-10-21,,,Linux,Wireshark,Learn about the ISO OSI model and the TCP/IP protocol suite.
Introduction to SIEM,https://tryhackme.com/room/introtosiem,easy,walkthrough,120,219090,2022-11-03,Blue,Detection engineering; Endpoint security monitoring; Incident handling; Incident response; SIEM engineering; Security operations,Windows,Event Viewer NEW; Qrader; Splunk,Learn the fundamentals of SIEM and explore its features and functionality.
OWASP Juice Shop,https://tryhackme.com/room/owaspjuiceshop,easy,walkthrough,120,217827,2020-08-28,,,,,This room uses the Juice Shop vulnerable web application to learn how to identify and exploit common web application vulnerabilities.
Active Reconnaissance,https://tryhackme.com/room/activerecon,easy,walkthrough,60,211922,2021-10-11,Red,Penetration testing; Red teaming; Security analysis,Linux; Web,,"Learn how to use simple tools such as traceroute, ping, telnet, and a web browser to gather information."
Windows Command Line,https://tryhackme.com/room/windowscommandline,easy,walkthrough,45,202043,2024-10-21,,,Windows,,Learn the essential Windows commands.
Simple CTF,https://tryhackme.com/room/easyctf,easy,challenge,45,200930,2019-08-19,Red,Penetration testing; Vulnerability analysis,Linux; Web,,Beginner level ctf
RootMe,https://tryhackme.com/room/rrootme,easy,challenge,45,191206,2020-09-09,Red,Penetration testing,,,"A ctf for beginners, can you root me?"
SOC Role in Blue Team,https://tryhackme.com/room/socroleinblueteam,easy,walkthrough,30,191130,2025-09-10,Blue,Security operations,,,"Discover security roles and learn how to advance your SOC career, starting from the L1 analyst."
Vulnerabilities 101,https://tryhackme.com/room/vulnerabilities101,easy,walkthrough,20,182964,2021-09-20,Purple,Penetration testing; Security analysis; Security operations; Vulnerability analysis,Linux; Web; Windows,,Understand the flaws of an application and  apply your researching skills on some vulnerability databases.
Mr Robot CTF,https://tryhackme.com/room/mrrobot,medium,challenge,30,182860,2018-11-27,Red,Exploit development; Penetration testing; Red teaming,Linux,Metasploit Framework,"Based on the Mr. Robot show, can you root this box?"
Phishing Analysis Fundamentals,https://tryhackme.com/room/phishingemails1tryoe,easy,walkthrough,30,181050,2022-01-02,Blue,Dynamic malware analysis; Email analysis; Incident response; Security analysis; Static malware analysis,Windows,Phishtool,Learn all the components that make up an email.
Kenobi,https://tryhackme.com/room/kenobi,easy,walkthrough,45,175571,2020-04-25,Red,Penetration testing; Privilege escalation,Linux,,"Walkthrough on exploiting a Linux machine. Enumerate Samba for shares, manipulate a vulnerable version of proftpd and escalate your privileges with path variable manipulation."
Python Basics,https://tryhackme.com/room/pythonbasics,easy,walkthrough,80,172899,2021-08-04,Red,Scripting,,,"Using a web-based code editor, learn the basics of Python and put your knowledge into practice by eventually coding a short Bitcoin investment project."
Linux Privilege Escalation,https://tryhackme.com/room/linprivesc,medium,walkthrough,50,171113,2021-10-18,Red,Kernel exploitation; Penetration testing; Privilege escalation,Linux,LinPeas,"Learn the fundamentals of Linux privilege escalation. From enumeration to exploitation, get hands-on with over 8 different privilege escalation techniques."
Unified Kill Chain,https://tryhackme.com/room/unifiedkillchain,easy,walkthrough,40,168119,2022-09-27,Blue,Security analysis; Threat modelling,,,"The Unified Kill Chain is a framework which establishes the phases of an attack, and a means of identifying and mitigating risk to IT assets."
Cryptography Basics,https://tryhackme.com/room/cryptographybasics,easy,walkthrough,45,167174,2024-10-21,Blue; Purple; Red,Cryptography,Linux,,Learn the basics of cryptography and symmetric encryption.
Nessus,https://tryhackme.com/room/rpnessusredux,easy,walkthrough,45,165920,2020-06-29,Blue,Security operations; Vulnerability analysis,,Nessus,"Learn how to set up and use Nessus, a popular vulnerability scanner."
Network Services 2,https://tryhackme.com/room/networkservices2,easy,walkthrough,60,161457,2020-09-15,Red,Brute force attacks; Penetration testing; Port scanning; Reconnaissance; Red teaming,Linux; Windows,Hydra; Nmap,Enumerating and Exploiting More Common Network Services & Misconfigurations
Google Dorking,https://tryhackme.com/room/googledorking,easy,walkthrough,45,156545,2020-03-29,Red,Information gathering; OSINT,Web,,Explaining how Search Engines work and leveraging them into finding hidden content!
Advent of Cyber 2024,https://tryhackme.com/room/adventofcyber2024,easy,walkthrough,1440,156007,2024-12-12,,,,,Dive into the wonderful world of cyber security by engaging in festive beginner-friendly exercises every day in the lead-up to Christmas!
Crack the hash,https://tryhackme.com/room/crackthehash,easy,challenge,45,151961,2018-11-18,Blue,Digital forensics,Linux,Hashcat,Cracking hashes challenges
Web Application Basics,https://tryhackme.com/room/webapplicationbasics,easy,walkthrough,120,150363,2024-10-21,Red,Application penetration testing; Application security engineering,Web,Burp Suite,"Learn the basics of web applications: HTTP, URLs, request methods, response codes, and headers."
Investigating Windows,https://tryhackme.com/room/investigatingwindows,easy,challenge,45,150321,2019-03-11,Blue,Digital forensics; Incident handling; Incident response; Security analysis; Security operations,Windows,,"A windows machine has been hacked, its your job to go investigate this windows machine and find clues to what the hacker might have done."
Enumeration & Brute Force,https://tryhackme.com/room/enumerationbruteforce,easy,walkthrough,30,147780,2024-07-30,Red,Application penetration testing,Web,Burp Suite,Enumerate and brute force authentication mechanisms.
Encryption - Crypto 101,https://tryhackme.com/room/encryptioncrypto101,medium,walkthrough,45,144930,2020-09-08,Purple,Application security engineering; Digital forensics; Identity and access management (IAC); Penetration testing; Red teaming; Security analysis; Security operations,,John the Ripper,"An introduction to encryption, as part of a series on crypto"
Intro to Cyber Threat Intel,https://tryhackme.com/room/cyberthreatintel,easy,walkthrough,45,144282,2022-10-10,Blue,Cyber threat intelligence; Threat intelligence,,MITRE ATT&CK Framework,"Introducing cyber threat intelligence and related topics, such as relevant standards and frameworks."
Neighbour,https://tryhackme.com/room/neighbour,easy,challenge,4,140946,2022-11-11,Red,Application penetration testing; Code review,Linux,,"Check out our new cloud service, Authentication Anywhere. Can you find other user's secrets?"
Advent of Cyber Prep Track,https://tryhackme.com/room/adventofcyberpreptrack,easy,walkthrough,60,139520,2025-11-20,,,,,"Get ready for the Advent of Cyber 2025 with the ""Advent of Cyber Prep Track"", a series of warm-up tasks aimed to get beginners ready for this year's event."
Attacktive Directory,https://tryhackme.com/room/attacktivedirectory,medium,challenge,75,139347,2020-04-07,Red,Active Directory pentesting; Red teaming; Security analysis; Vulnerability analysis,Windows,Nmap; secretsdump,99% of Corporate networks run off of AD. But can you exploit a vulnerable Domain Controller?
Governance & Regulation,https://tryhackme.com/room/cybergovernanceregulation,easy,walkthrough,120,137384,2023-06-28,Blue,Incident handling; Incident management; Risk assessment; Security operations,,,Explore policies and frameworks vital for regulating cyber security in an organisation.
Nmap Basic Port Scans,https://tryhackme.com/room/nmap02,easy,walkthrough,120,133265,2021-10-12,Red,Penetration testing; Port scanning; Red teaming; Vulnerability analysis,Linux,Nmap,"Learn in-depth how nmap TCP connect scan, TCP SYN port scan, and UDP port scan work."
SOC Fundamentals,https://tryhackme.com/room/socfundamentals,easy,walkthrough,45,132596,2024-10-21,Blue,Security analysis; Security operations,,,Learn about the SOC team and their processes.
Intro to Logs,https://tryhackme.com/room/introtologs,easy,walkthrough,30,130126,2023-08-29,Blue,Digital forensics; Incident handling; Incident response; Log correlation; Log management; Security analysis; Security operations,Linux,Log Viewer NEW,"Learn the fundamentals of logging, data sources, collection methods and principles to step into the log analysis world."
Linux PrivEsc,https://tryhackme.com/room/linuxprivesc,medium,walkthrough,75,129922,2020-05-18,Red,Identity and access management (IAC); Penetration testing; Red teaming; Vulnerability analysis,,Hashcat; John the Ripper,Practice your Linux Privilege Escalation skills on an intentionally misconfigured Debian VM with multiple ways to get root! SSH is available. Credentials: user:password321
Threat Intelligence Tools,https://tryhackme.com/room/threatinteltools,easy,walkthrough,60,128798,2022-08-02,Blue,Threat modelling,Web,Cisco Talos Intelligence; Phishtool; ThreatFox; URLScan.io,Explore different OSINT tools used to conduct security threat assessments and investigations.
Burp Suite: Repeater,https://tryhackme.com/room/burpsuiterepeater,info,walkthrough,60,128228,2023-09-11,Red,Application penetration testing; Penetration testing,Linux,Burp Suite,Learn how to use Repeater to duplicate requests in Burp Suite.
Operating Systems: Introduction,https://tryhackme.com/room/operatingsystemsintroduction,easy,walkthrough,45,125530,2026-02-09,Purple,File system navigation,Linux; Windows,,Explore the basics of operating systems and the core features that power your computer.
Snort,https://tryhackme.com/room/snort,medium,walkthrough,120,121895,2022-03-15,Blue,Detection engineering; Security analysis,Linux,Snort; Wireshark,"Learn how to use Snort to detect real-time threats, analyse recorded traffic files and identify anomalies."
Phishing Emails in Action,https://tryhackme.com/room/phishingemails2rytmuv,easy,walkthrough,30,118695,2021-12-30,Blue,Dynamic malware analysis; Email analysis; Incident response; Security analysis; Static malware analysis,Windows,Phishtool; URLScan.io,Learn the different indicators of phishing attempts by examining actual phishing emails.
Common Attacks,https://tryhackme.com/room/commonattacks,easy,walkthrough,40,113279,2022-01-24,Blue,Detection engineering; Incident response; Malware analysis; Security analysis,Linux,FireEye; Snort; Splunk,"With practical exercises see how common attacks occur, and improve your cyber hygiene to stay safer online."
Bounty Hacker,https://tryhackme.com/room/cowboyhacker,easy,challenge,45,108225,2020-07-30,Red,Network penetration testing; Penetration testing; Red teaming,Linux; Web,Hydra; Nmap,You talked a big game about being the most elite hacker in the solar system. Prove it and claim your right to the status of Elite Bounty Hacker!
Windows Basics,https://tryhackme.com/room/windowsbasics,easy,walkthrough,45,106857,2026-02-09,Purple,File system navigation,Windows,Windows Defender,"Learn to navigate Windows, manage files, and use essential system tools."
Windows Forensics 1,https://tryhackme.com/room/windowsforensics1,medium,walkthrough,60,106103,2022-01-18,Blue,Digital forensics; Registry forensics,Windows,FTK Imager; Registry Explorer; regedit,Introduction to Windows Registry Forensics
Traffic Analysis Essentials,https://tryhackme.com/room/trafficanalysisessentials,easy,walkthrough,30,104290,2022-11-05,Blue,Incident response; Network monitoring; Network security engineering; Network traffic analysis; Network troubleshooting; Security operations,,,Learn Network Security and Traffic Analysis foundations and take a step into probing network anomalies.
Advent of Cyber 2023,https://tryhackme.com/room/adventofcyber2023,easy,walkthrough,1440,103709,2023-12-24,Purple,Digital forensics; Exploitation; Penetration testing; Vulnerability analysis,Linux; Web; Windows,CeWL; Hydra; Metasploit Framework; nc,"Get started with Cyber Security in 24 Days - Learn the basics by doing a new, beginner friendly security challenge every day leading up to Christmas."
Become a Hacker,https://tryhackme.com/room/becomeahackeroa,easy,walkthrough,20,103040,2023-06-06,Red,Penetration testing; Red teaming,Linux,Gobuster; Hydra,Learn how TryHackMe can help you become a hacker.
SOC L1 Alert Triage,https://tryhackme.com/room/socl1alerttriage,easy,walkthrough,60,103002,2025-04-10,Blue,Incident handling; Incident management; Security analysis,,,Learn more about SOC alerts and build a systematic approach to efficiently triaging them.
Agent Sudo,https://tryhackme.com/room/agentsudoctf,easy,challenge,45,102737,2019-10-30,Red,Network security engineering; Penetration testing,Linux; Web,,You found a secret server located under the deep sea. Your task is to hack inside the server and reveal the truth.
Linux CLI - Shells Bells,https://tryhackme.com/room/linuxcli-aoc2025-o1fpqkvxti,easy,walkthrough,30,98521,2025-12-01,Blue,Log analysis; Scripting,Linux,,Explore the Linux command-line interface and use it to unveil Christmas mysteries.
Ice,https://tryhackme.com/room/ice,easy,walkthrough,45,98027,2020-01-10,Red,Network penetration testing; Penetration testing; Red teaming,Windows,Metasploit Framework; Mimikatz; Nmap,"Deploy & hack into a Windows machine, exploiting a very poorly secured media server."
Advent of Cyber 2022,https://tryhackme.com/room/adventofcyber4,easy,walkthrough,1440,97004,2022-12-23,Purple,Digital forensics; Exploitation; Penetration testing; Security analysis; Vulnerability analysis,Linux; Web; Windows,Hydra; Metasploit Framework; Nikto; Nmap; Wireshark,"Get started with Cyber Security in 24 Days - learn the basics by doing a new, beginner-friendly security challenge every day leading up to Christmas."
DFIR: An Introduction,https://tryhackme.com/room/introductoryroomdfirmodule,easy,walkthrough,90,96771,2022-10-15,Blue,Digital forensics; Incident management; Incident response,Linux; Windows,Autopsy; Redline; Volatility,Introductory room for the DFIR module
Overpass,https://tryhackme.com/room/overpass,easy,challenge,45,96455,2020-07-17,Red,Penetration testing; Vulnerability analysis,Linux; Web,,What happens when some broke CompSci students make a password manager?
W1seGuy,https://tryhackme.com/room/w1seguy,easy,challenge,30,95192,2024-06-21,Red,Code review,Linux,,"A w1se guy 0nce said, the answer is usually as plain as day."
History of Malware,https://tryhackme.com/room/historyofmalware,info,walkthrough,30,91820,2020-10-04,Purple,Red teaming; Security analysis,,,Join this room to learn about the first forms of malware and how they turned into the malicious code we see today.
MAL: Malware Introductory,https://tryhackme.com/room/malmalintroductory,easy,walkthrough,45,91801,2020-03-21,Blue,Incident response; Malware analysis; Security analysis; Vulnerability analysis,Windows,Dependency Walker; PE Explorer; PEview; ResourceHacker,The start of a series of rooms covering Malware Analysis...
Sakura Room,https://tryhackme.com/room/sakura,easy,challenge,45,90550,2021-04-11,Purple,Security operations,,,Use a variety of OSINT techniques to solve this room created by the OSINT Dojo.
The CIA Triad,https://tryhackme.com/room/theciatriad,easy,walkthrough,30,90171,2026-02-17,Purple,,,,Understand the CIA Triad and how it shapes cyber security mindset.
SOC L1 Alert Reporting,https://tryhackme.com/room/socl1alertreporting,easy,walkthrough,60,89179,2025-04-17,Blue,Incident handling; Incident management; Security analysis,,,"Learn how to properly report, escalate, and communicate about high-risk SOC alerts."
Data Representation,https://tryhackme.com/room/datarepresentation,easy,walkthrough,45,89061,2026-02-12,,,,,Learn about how computers represent numbers and colors.
Lookup,https://tryhackme.com/room/lookup,easy,challenge,60,88775,2024-11-22,Purple; Red,Application penetration testing; Application security engineering; Network penetration testing; Penetration testing; Red teaming; Threat hunting; Vulnerability analysis,Linux; Web,Burp Suite; Dirbuster; Gobuster; Hashcat; John the Ripper; LinPeas; Metasploit Framework; Nmap; Zap; dirb; nc,Test your enumeration skills on this boot-to-root machine.
Training Impact on Teams,https://tryhackme.com/room/training,info,walkthrough,30,87421,2024-10-21,Blue; Purple; Red,,,,Discover the impact of training on teams and organisations.
LazyAdmin,https://tryhackme.com/room/lazyadmin,easy,challenge,45,87330,2019-11-28,Red,Penetration testing; Red teaming,Linux; Web,Ncat,Easy linux machine to practice your skills
Wifi Hacking 101,https://tryhackme.com/room/wifihacking101,easy,walkthrough,45,86472,2020-01-16,Red,Network penetration testing; Penetration testing; Red teaming,,,"Learn to attack WPA(2) networks! Ideally you'll want a smartphone with you for this, preferably one that supports hosting wifi hotspots so you can follow along."
c4ptur3-th3-fl4g,https://tryhackme.com/room/c4ptur3th3fl4g,easy,challenge,45,86370,2019-05-21,Purple,Digital forensics; Security analysis,,,A beginner level CTF challenge
Guided Pentest: Web,https://tryhackme.com/room/guidedpentestweb,easy,walkthrough,60,85056,2026-05-21,Red,Application penetration testing,Web,Gobuster; Nmap,Learn web app pentesting by chaining vulnerabilities from recon to full server compromise.
Data Encoding,https://tryhackme.com/room/dataencoding,easy,walkthrough,45,84691,2026-02-12,,,,,"Learn how computer encodes characters, from ASCII to Unicode's UTF."
CyberChef: The Basics,https://tryhackme.com/room/cyberchefbasics,easy,walkthrough,60,83842,2024-10-21,Blue,Security analysis,,CyberChef,"This room is an introduction to CyberChef, the Swiss Army knife for cyber security professionals."
Intro to Endpoint Security,https://tryhackme.com/room/introtoendpointsecurity,easy,walkthrough,60,83473,2022-10-18,Blue,Digital forensics; Incident response; Security analysis; Security operations,Windows,Process Explorer; TCPVIEW; Wazuh,"Learn about fundamentals, methodology, and tooling for endpoint security monitoring."
Advent of Cyber 3 (2021),https://tryhackme.com/room/adventofcyber3,easy,walkthrough,1440,82375,2021-12-25,Purple,Digital forensics; Exploitation; Penetration testing; Vulnerability analysis,Linux; Web; Windows,Burp Suite; CyberChef; Nmap; Wireshark; dirb,"Get started with Cyber Security in 25 Days - Learn the basics by doing a new, beginner friendly security challenge every day leading up to Christmas."
Phishing - Merry Clickmas,https://tryhackme.com/room/phishing-aoc2025-h2tkye9fzU,easy,walkthrough,30,82293,2025-12-02,Red,Phishing,Linux,The Social-Engineer Toolkit (SET),Learn how to use the Social-Engineer Toolkit to send phishing emails.
Cryptography Concepts,https://tryhackme.com/room/cryptographyconcepts,easy,walkthrough,60,81023,2026-02-17,Purple,Cryptography,N/A,,This room provides an understanding of cryptography in our everyday digital encounters.
The Building Blocks of AI,https://tryhackme.com/room/aimlsecuritythreats,easy,walkthrough,30,80902,2025-07-08,Blue,,Artificial intelligence,,"Learn how AI, ML, neural networks, and LLMs actually work, from the ground up."
Red Team Threat Intel,https://tryhackme.com/room/redteamthreatintel,medium,walkthrough,60,80630,2022-01-11,Red,Cyber threat intelligence; Documentation; Information gathering; Red teaming,,MITRE ATT&CK Framework,Apply threat intelligence to red team engagements and adversary emulation.
Post-Exploitation Basics,https://tryhackme.com/room/postexploit,easy,walkthrough,45,75968,2020-05-26,Red,Exploitation; Penetration testing; Privilege escalation; Red teaming,Linux,BloodHound; Mimikatz,"Learn the basics of post-exploitation and maintaining access with mimikatz, bloodhound, powerview and msfvenom"
Welcome,https://tryhackme.com/room/hello,easy,walkthrough,45,72778,2020-06-12,Purple,,Web,,Learn how to use a TryHackMe room to start your upskilling in cyber security.
Splunk Basics - Did you SIEM?,https://tryhackme.com/room/splunkforloganalysis-aoc2025-x8fj2k4rqp,medium,walkthrough,60,71913,2025-12-03,Blue,Log analysis; Web application security,Linux,Splunk,Learn how to ingest and parse custom log data using Splunk.
Introduction to EDR,https://tryhackme.com/room/introductiontoedrs,easy,walkthrough,60,71392,2025-08-28,Blue,Incident handling; Incident response,Windows,,Learn the fundamentals of EDR and explore its features and working.
Ignite,https://tryhackme.com/room/ignite,easy,challenge,45,71337,2019-07-27,Red,Penetration testing,Linux; Web,Ncat,A new start-up has a few issues with their web server.
OWASP Top 10 2025: IAAA Failures,https://tryhackme.com/room/owasptopten2025one,easy,walkthrough,30,70754,2025-11-14,,,,,"Learn about A01, A07, and A09 in how they related to failures in the applied IAAA model."
TryHack3M: Bricks Heist,https://tryhackme.com/room/tryhack3mbricksheist,easy,challenge,60,70473,2024-04-15,Purple,Exploitation; Penetration testing,Linux; Web,,"Crack the code, command the exploit! Dive into the heart of the system with just an RCE CVE as your key."
Bash Scripting,https://tryhackme.com/room/bashscripting,easy,walkthrough,45,69715,2021-02-02,Purple,Security analysis; Security operations,Linux,,A Walkthrough room to teach you the basics of bash scripting
SQL Injection Lab,https://tryhackme.com/room/sqlilab,easy,walkthrough,45,68936,2021-01-26,Red,Penetration testing; Red teaming; Vulnerability analysis,Linux; Web,Burp Suite; SQLMap,Understand how SQL injection attacks work and how to exploit this vulnerability.
Advent of Cyber 2 [2020],https://tryhackme.com/room/adventofcyber2,easy,walkthrough,45,68041,2020-12-25,Purple,Exploitation; Penetration testing; Security analysis,Linux; Web; Windows,Burp Suite; Gobuster; Nmap; nc,"Get started with Cyber Security in 25 Days - Learn the basics by doing a new, beginner friendly security challenge every day leading up to Christmas."
TakeOver,https://tryhackme.com/room/takeover,easy,challenge,4,67109,2023-01-20,Red,Domain enumeration; Reconnaissance; Red teaming; Subdomain enumeration,Web,,This challenge revolves around subdomain enumeration.
Fowsniff CTF,https://tryhackme.com/room/ctf,easy,challenge,45,65189,2020-04-09,Red,Network penetration testing; Penetration testing; Vulnerability analysis,Linux,Hydra; John the Ripper; Nmap,Hack this machine and get the flag. There are lots of hints along the way and is perfect for beginners!
Security Awareness,https://tryhackme.com/room/securityawarenessintro,info,walkthrough,30,65052,2022-01-29,Blue,Incident response,Web,,"An introduction to security awareness; why its important, the impact of being attacked, different threat actors and basic account security."
Wazuh,https://tryhackme.com/room/wazuhct,medium,walkthrough,160,65041,2022-04-19,Blue,Log analysis; SIEM engineering; Security analysis,Linux; Windows,Wazuh,"Explore Wazuh: an all-in-one, free, and open-source security solution."
Red Team OPSEC,https://tryhackme.com/room/opsec,medium,walkthrough,90,64456,2021-11-23,Purple,Penetration testing; Red teaming; Risk assessment,Linux; Windows,Nmap; Wireshark,Learn how to apply Operations Security (OPSEC) process for Red Teams.
Relevant,https://tryhackme.com/room/relevant,medium,challenge,75,64328,2020-08-21,Red,Penetration testing,,,Penetration Testing Challenge
OpenVAS,https://tryhackme.com/room/openvas,easy,walkthrough,45,64123,2021-03-16,Purple,Information gathering; Security posture assessment; Vulnerability analysis,Linux; Web,OpenVAS,Learn the basics of  threat and vulnerability management using Open Vulnerability Assessment Scanning
AI in Security - old sAInt nick,https://tryhackme.com/room/AIforcyber-aoc2025-y9wWQ1zRgB,easy,walkthrough,30,62836,2025-12-04,Purple,AI Pentesting; Code review; Log analysis,Artificial intelligence,Ollama,Unleash the power of AI by exploring it's uses within cyber security.
Brooklyn Nine Nine,https://tryhackme.com/room/brooklynninenine,easy,challenge,25,62682,2020-07-25,Red,Network penetration testing; Penetration testing; Vulnerability analysis,Linux,,This room is aimed for beginner level hackers but anyone can try to hack this box. There are two main intended ways to root the box.
OWASP Top 10 2025: Application Design Flaws,https://tryhackme.com/room/owasptopten2025two,easy,walkthrough,30,59080,2025-11-14,,,,,"Learn about A02, A03, A06, and A10 and how they related to design flaws in the application."
IDOR - Santa’s Little IDOR,https://tryhackme.com/room/idor-aoc2025-zl6MywQid9,medium,walkthrough,45,58906,2025-12-05,Red,Web application security,Web,Burp Suite; Developer Tool,Learn about IDOR while helping pentest the TrypresentMe website.
Splunk: Exploring SPL,https://tryhackme.com/room/splunkexploringspl,medium,walkthrough,60,57570,2023-07-26,Blue,Log analysis; Security analysis,Windows,Splunk,Learn and explore the Splunk's Search Processing Language.
Startup,https://tryhackme.com/room/startup,easy,challenge,45,56272,2020-11-08,Red,Penetration testing; Red teaming,,,Abuse traditional vulnerabilities via untraditional means.
tomghost,https://tryhackme.com/room/tomghost,easy,challenge,45,56260,2020-03-27,Red,Penetration testing,,,Identify recent vulnerabilities to try exploit the system or read files that you should not have access to.
Malware Analysis - Egg-xecutable,https://tryhackme.com/room/malware-sandbox-aoc2025-SD1zn4fZQt,medium,walkthrough,45,54541,2025-12-06,Blue,Dynamic malware analysis; Malware analysis; Static malware analysis,Windows,Procmon,Discover some common tooling for malware analysis within a sandbox environment.
Internal,https://tryhackme.com/room/internal,hard,challenge,120,53536,2020-08-21,Red,Network penetration testing; Penetration testing; Red teaming,Linux; Web,Burp Suite; Metasploit Framework,Penetration Testing Challenge
Shodan.io,https://tryhackme.com/room/shodan,easy,walkthrough,45,53133,2020-02-01,Purple,Red teaming,,,Learn about Shodan.io and how to use it for devices enumeration - is your coffee machine publicly accessible?
Wonderland,https://tryhackme.com/room/wonderland,medium,challenge,75,53114,2020-06-05,Red,Red teaming,,,Fall down the rabbit hole and enter wonderland.
Blog,https://tryhackme.com/room/blog,medium,challenge,75,52840,2020-07-10,Red,Application penetration testing; Penetration testing,Linux; Web,,Billy Joel made a Wordpress blog!
Secure Network Architecture,https://tryhackme.com/room/introtosecurityarchitecture,medium,walkthrough,60,52745,2023-09-11,Blue,Detection engineering; Incident management; Network monitoring; Network security engineering; Security operations; System administration,,Open vSwitch; VyOS,Learn about and implement security best practices for network environments.
Network Discovery - Scan-ta Clause,https://tryhackme.com/room/networkservices-aoc2025-jnsoqbxgky,easy,walkthrough,30,52602,2025-12-07,Red,Enumeration; Network penetration testing; Port scanning,Linux,Nmap; nc,Discover how to scan network ports and uncover what is hidden behind them.
Passwords - A Cracking Christmas,https://tryhackme.com/room/attacks-on-ecrypted-files-aoc2025-asdfghj123,easy,walkthrough,30,51489,2025-12-09,Purple,Password cracking,Linux,John the Ripper,Learn how to crack password-based encrypted files.
Introduction to OWASP ZAP,https://tryhackme.com/room/learnowaspzap,easy,walkthrough,45,51402,2020-04-28,Red,Penetration testing; Red teaming,Web,Zap,Learn how to use OWASP ZAP from the ground up. An alternative to BurpSuite.
Anthem,https://tryhackme.com/room/anthem,easy,challenge,45,51349,2020-05-15,Red,Application penetration testing; Penetration testing,Windows,,Exploit a Windows machine in this beginner level challenge.
XSS,https://tryhackme.com/room/axss,easy,walkthrough,120,50786,2024-04-17,Red,Cross-site scripting (XSS); Exploitation; Penetration testing,Web,Developer Tool,Explore in-depth the different types of XSS and their root causes.
Cyborg,https://tryhackme.com/room/cyborgt8,easy,challenge,45,50663,2021-01-24,Red,Penetration testing; Red teaming,Linux; Web,Hashcat; ffuf,"A box involving encrypted archives, source code analysis and more."
Network Traffic Basics,https://tryhackme.com/room/networktrafficbasics,easy,walkthrough,60,50627,2025-10-16,Blue,Network traffic analysis,N/A,Wireshark,"Learn what network analysis is, why it is essential, how to collect network traffic and which tools are available"
OWASP Top 10 2025: Insecure Data Handling,https://tryhackme.com/room/owasptopten2025three,easy,walkthrough,30,50358,2025-11-14,,,,,"Learn about A04, A05, and A08 as they related to insecure data handling."
DVWA,https://tryhackme.com/room/dvwa,easy,walkthrough,45,50147,2020-01-16,Red,Penetration testing; Red teaming; Security analysis,Linux; Web,Burp Suite; Hydra; SQLMap; ffuf,Basic room for testing exploits against the Damn Vulnerable Web Application box
Brute It,https://tryhackme.com/room/bruteit,easy,challenge,45,49879,2020-11-06,Red,Network penetration testing; Penetration testing,Linux,,"Learn how to brute, hash cracking and escalate privileges in this box!"
Lo-Fi,https://tryhackme.com/room/lofi,easy,challenge,5,49439,2025-01-17,Red,,Linux,,"Want to hear some lo-fi beats, to relax or study to? We've got you covered!"
Intro to Log Analysis,https://tryhackme.com/room/introtologanalysis,easy,walkthrough,60,49245,2023-10-02,Blue,Detection engineering; Logging; SIEM engineering,Linux,CyberChef; ELK Stack; Plaso; Splunk,"An intro to log analysis, best practices, and essential tools for effective detection and response."
CTF collection Vol.1,https://tryhackme.com/room/ctfcollectionvol1,easy,challenge,45,49108,2020-01-02,Red,Penetration testing; Security analysis,Linux,Wireshark,Sharpening up your CTF skill with the collection. The first volume is designed for beginner.
Wgel CTF,https://tryhackme.com/room/wgelctf,easy,challenge,45,49086,2019-10-26,Red,Penetration testing; Vulnerability analysis,,,Can you exfiltrate the root flag?
Basic Malware RE,https://tryhackme.com/room/basicmalwarere,medium,challenge,75,49021,2019-11-26,Blue,Digital forensics; Malware analysis; Security analysis,Windows,,"This room aims towards helping everyone learn about the basics of ""Malware Reverse Engineering""."
Prompt Injection - Sched-yule conflict,https://tryhackme.com/room/promptinjection-aoc2025-sxUMnCkvLO,easy,walkthrough,30,48944,2025-12-08,,,,,Learn to identify and exploit weaknesses in autonomous AI agents.
Redline,https://tryhackme.com/room/btredlinejoxr3d,medium,walkthrough,90,48603,2021-10-14,Blue,Digital forensics; Incident response; Security analysis; Threat hunting,Windows,Redline,Learn how to use Redline to perform memory analysis and to scan for IOCs on an endpoint.
Pyrat,https://tryhackme.com/room/pyrat,easy,challenge,60,48368,2024-10-02,Red,Application penetration testing; Network penetration testing; Penetration testing; Red teaming,Linux; Web,Burp Suite; Ncat; Nmap; Zap; nc,Test your enumeration skills on this boot-to-root machine.
Searchlight - IMINT,https://tryhackme.com/room/searchlightosint,easy,challenge,45,47950,2020-12-18,Purple,Red teaming,,Hashcat; John the Ripper,OSINT challenges in the imagery intelligence category
Disk Analysis & Autopsy,https://tryhackme.com/room/autopsy2ze0,medium,challenge,45,47282,2021-05-28,Blue,Digital forensics; Security analysis; Security operations,Active Directory; Windows,,Ready for a challenge? Use Autopsy to investigate artifacts from a disk image.
Regular Expressions,https://tryhackme.com/room/catregex,medium,walkthrough,60,47247,2020-11-29,Purple,Digital forensics; Incident response; Malware analysis; Penetration testing; Red teaming; SIEM engineering; Security analysis; Vulnerability analysis,,,Learn and practise using regular expressions.
Easy Peasy,https://tryhackme.com/room/easypeasyctf,easy,challenge,45,46805,2020-08-02,Red,Penetration testing; Threat hunting,Linux; Web,Gobuster; John the Ripper,Practice using tools such as Nmap and GoBuster to locate a hidden directory to get initial access to a vulnerable machine. Then escalate your privileges through a vulnerable cronjob.
Billing,https://tryhackme.com/room/billing,easy,challenge,60,46570,2025-03-07,Red,Command injection; Exploitation; Penetration testing; Red teaming; Reverse shell techniques,Linux,,Some mistakes can be costly.
XSS - Merry XSSMas,https://tryhackme.com/room/xss-aoc2025-c5j8b1m4t6,easy,walkthrough,30,46086,2025-12-11,Blue; Purple,Cross-site scripting (XSS); DevSecOps; Log analysis,Linux,,Learn about types of XSS vulnerabilities and how to prevent them.
Introduction to Django,https://tryhackme.com/room/django,easy,walkthrough,45,45686,2020-05-28,Red,Penetration testing,Web,Django; Nmap,How it works and why should I learn it?
SOC Alert Triaging - Tinsel Triage,https://tryhackme.com/room/azuresentinel-aoc2025-a7d3h9k0p2,medium,walkthrough,45,45475,2025-12-10,,,,,Investigate and triage alerts through Microsoft Sentinel.
Anonymous,https://tryhackme.com/room/anonymous,medium,challenge,75,45416,2020-05-17,Red,Penetration testing,Linux,,Not the hacking group
Network Security Essentials,https://tryhackme.com/room/networksecurityessentials,easy,walkthrough,60,44325,2025-09-25,Blue,Log analysis; Network monitoring,Linux,Splunk,Learn about key aspects of network security essentials and how to monitor and protect against adversaries.
Compiled,https://tryhackme.com/room/compiled,easy,challenge,5,44219,2023-10-06,Purple,Exploit development; Penetration testing; Security analysis; Vulnerability analysis,,,Strings can only help you so far.
dogcat,https://tryhackme.com/room/dogcat,medium,challenge,75,44182,2020-04-17,Red,Penetration testing; Red teaming; Threat hunting,Linux; Web,nc,I made a website where you can look at pictures of dogs and/or cats! Exploit a PHP application via LFI and break out of a docker container.
Phishing - Phishmas Greetings,https://tryhackme.com/room/spottingphishing-aoc2025-r2g4f6s8l0,medium,walkthrough,30,44165,2025-12-12,Blue,Phishing,Web,,Learn how to spot phishing emails from Malhare's Eggsploit Bunnies sent to TBFC users.
SDLC,https://tryhackme.com/room/sdlc,easy,walkthrough,120,43643,2023-04-04,Purple,DevSecOps,,,An introduction to the Software Development Lifecycle.
Windows PrivEsc,https://tryhackme.com/room/windows10privesc,medium,walkthrough,75,43424,2020-06-23,Red,Application penetration testing; Identity and access management (IAC); Penetration testing; Red teaming,,,Practice your Windows Privilege Escalation skills on an intentionally misconfigured Windows VM with multiple ways to get admin/SYSTEM! RDP is available. Credentials: user:password321
Corridor,https://tryhackme.com/room/corridor,easy,challenge,5,43262,2022-09-30,Red,Penetration testing; Red teaming,Linux,Burp Suite,Can you escape the Corridor?
Retro,https://tryhackme.com/room/retro,hard,challenge,120,43010,2020-01-10,Red,Penetration testing,,,New high score!
Cryptography for Dummies,https://tryhackme.com/room/cryptographyfordummies,easy,walkthrough,30,42509,2021-02-23,Purple,Security analysis; Security operations,,,Become familiar with cryptography
Advent of Cyber 1 [2019],https://tryhackme.com/room/25daysofchristmas,easy,walkthrough,45,42177,2020-01-10,Red,Exploitation; Password cracking; Penetration testing; Privilege escalation,Linux; Web; Windows,Burp Suite; Hydra; Nmap; Wireshark; nc,"Get started with Cyber Security in 25 Days - Learn the basics by doing a new, beginner friendly security challenge every day leading up to Christmas."
Blueprint,https://tryhackme.com/room/blueprint,easy,challenge,45,41865,2019-11-27,Red,Application penetration testing; Penetration testing,Windows,,Hack into this Windows machine and escalate your privileges to Administrator.
AI Security Path Ticketing Event,https://tryhackme.com/room/aisecuritypathticketingevent,info,walkthrough,1,41690,2026-04-13,,,,,Learn all you need to know about how to engage with the AI Security Path launch event!
Linux Modules,https://tryhackme.com/room/linuxmodules,easy,walkthrough,90,41468,2021-02-09,Purple,Penetration testing; Security operations,Linux,,Learn linux modules in a fun way
YARA Rules - YARA mean one!,https://tryhackme.com/room/yara-aoc2025-q9w1e3y5u7,medium,walkthrough,60,41388,2025-12-13,Purple,YARA rule writing,Windows,YARA Rules,Learn how YARA rules can be used to detect anomalies.
Blaster,https://tryhackme.com/room/blaster,easy,walkthrough,30,41381,2020-04-24,Red,Penetration testing,Web; Windows,Dirbuster; Nmap; XFreeRDP,A blast from the past!
Intro to Containerisation,https://tryhackme.com/room/introtocontainerisation,easy,walkthrough,30,40876,2022-11-29,Purple,DevSecOps; Security analysis,,,Learn about the technologies and benefits of containerisation.
Web Attack Forensics - Drone Alone,https://tryhackme.com/room/webattackforensics-aoc2025-b4t7c1d5f8,medium,walkthrough,30,40805,2025-12-15,Blue,Log analysis; Log correlation,Linux; Web; Windows,Splunk; Sysinternals Suite,Explore web attack forensics using Splunk.
How to use TryHackMe,https://tryhackme.com/room/howtousetryhackme,easy,walkthrough,45,40757,2021-01-05,Purple,,Web,,Start and access your first machine!
CyberHeroes,https://tryhackme.com/room/cyberheroes,easy,challenge,15,40743,2022-05-27,Red,Exploitation,Linux; Web,,Want to be a part of the elite club of CyberHeroes? Prove your merit by finding a way to log in!
Containers - DoorDasher's Demise,https://tryhackme.com/room/container-security-aoc2025-z0x3v6n9m2,medium,walkthrough,60,40466,2025-12-14,,,,,Continue your Advent of Cyber journey and learn about container security.
tmux,https://tryhackme.com/room/rptmux,easy,walkthrough,20,40375,2020-01-16,Purple,Documentation; Research,Linux,Tmux,"Learn to use tmux, one of the most powerful multi-tasking tools on linux!"
Log Operations,https://tryhackme.com/room/logoperations,easy,walkthrough,60,40270,2023-10-02,Blue,Log management; Logging; Risk assessment; Security operations,,,Learn the operation process details.
Lian_Yu,https://tryhackme.com/room/lianyu,easy,challenge,45,39986,2020-05-22,Red,Digital forensics; Penetration testing,Linux; Web,ffuf,A beginner level security challenge
Year of the Rabbit,https://tryhackme.com/room/yearoftherabbit,easy,challenge,45,39759,2020-04-09,Red,Penetration testing; Red teaming,,,Time to enter the warren...
Forensics - Registry Furensics,https://tryhackme.com/room/registry-forensics-aoc2025-h6k9j2l5p8,medium,walkthrough,60,39640,2025-12-16,Blue,Registry analysis; Registry forensics,Windows,Registry Editor; Registry Explorer,Learn what the Windows Registry is and how to investigate it.
Exploitation with cURL - Hoperation Eggsploit,https://tryhackme.com/room/webhackingusingcurl-aoc2025-w8q1a4s7d0,easy,walkthrough,30,39586,2025-12-24,Red,Web application security,Linux; Web,curl,"The evil Easter bunnies operate a web control panel that holds the wormhole open. Using cURL, identify the endpoints, send the required requests, and shut the wormhole once and for all."
Intro to Docker,https://tryhackme.com/room/introtodockerk8pdqk,easy,walkthrough,35,39370,2023-05-02,Blue,Documentation; Security operations; System administration,Linux,Docker compose,"Learn to create, build and deploy Docker containers!"
SQLMAP,https://tryhackme.com/room/sqlmap,easy,walkthrough,30,39341,2022-01-20,Red,Application penetration testing; Penetration testing; Reconnaissance,Web,Burp Suite; SQLMap,Learn about and use Sqlmap to exploit the web application
Malware Analysis - Malhare.exe,https://tryhackme.com/room/htapowershell-aoc2025-p2l5k8j1h4,easy,walkthrough,60,39264,2025-12-21,Blue,Static malware analysis,Windows,PowerShell,Learn about malware analysis and forensics.
CyberChef - Hoperation Save McSkidy,https://tryhackme.com/room/encoding-decoding-aoc2025-s1a4z7x0c3,medium,walkthrough,45,39172,2025-12-17,Red,Encryption; Hash cracking; Information gathering; Password cracking,Web,CyberChef,"The story continues, and the elves mount a rescue and will try to breach the Quantum Fortress's defenses and free McSkidy."
25 Days of Cyber Security,https://tryhackme.com/room/learncyberin25days,easy,walkthrough,45,38595,2020-12-25,Purple,Exploitation; Penetration testing; Security analysis,Linux; Web; Windows,Burp Suite; Gobuster; Nmap; nc,"Get started with Cyber Security in 25 Days - Learn the basics by doing a new, beginner friendly security challenge every day."
AWS Security - S3cret Santa,https://tryhackme.com/room/cloudenum-aoc2025-y4u7i0o3p6,easy,walkthrough,30,37984,2025-12-23,,,,,Learn the basics of AWS enumeration.
The Great Disappearing Act,https://tryhackme.com/room/sq1-aoc2025-FzPnrt2SAu,hard,challenge,300,37858,2025-12-01,Red,Application penetration testing; OSINT,Linux,,Can you help Hopper escape his wrongful imprisonment in HopSec asylum?
UltraTech,https://tryhackme.com/room/ultratech1,medium,challenge,75,37655,2019-03-22,Red,Penetration testing; Red teaming,Linux; Web,Nmap; ffuf,"The basics of Penetration Testing, Enumeration, Privilege Escalation and WebApp testing"
Linux Strength Training,https://tryhackme.com/room/linuxstrengthtraining,easy,walkthrough,45,37411,2020-12-11,Purple,Detection engineering; Security analysis; Security operations,,Haiti; Hash-identifier; John the Ripper,Guided room for beginners to learn/reinforce linux command line skills
Dig Dug,https://tryhackme.com/room/digdug,easy,challenge,20,37344,2022-05-13,Red,Penetration testing,Web,,Turns out this machine is a DNS server - it's time to get your shovels out!
Race Conditions - Toy to The World,https://tryhackme.com/room/race-conditions-aoc2025-d7f0g3h6j9,easy,walkthrough,30,37052,2025-12-20,Red,Application penetration testing; Web application security,Web,,Learn how to exploit a race condition attack to oversell the limited-edition SleighToy.
Obfuscation - The Egg Shell File,https://tryhackme.com/room/obfuscation-aoc2025-e5r8t2y6u9,medium,walkthrough,30,36986,2025-12-18,,,,,McSkidy keeps her focus on a particular alert that caught her interest: an email posing as northpole-hr.
Web Security Essentials,https://tryhackme.com/room/websecurityessentials,easy,walkthrough,60,36796,2025-08-27,Blue,Web application security,Web,,"Learn how the web works, common website security risks, and protections for a safer internet."
ICS/Modbus - Claus for Concern,https://tryhackme.com/room/ICS-modbus-aoc2025-g3m6n9b1v4,medium,walkthrough,60,36794,2025-12-19,Red,Penetration testing; Port scanning,Linux,,Learn to identify and exploit weaknesses in ICS systems.
Malware Classification,https://tryhackme.com/room/malwareclassification,easy,walkthrough,45,36727,2025-09-03,Blue,Malware analysis,,,"Learn how to identify, classify, and understand common types of malware."
Windows Logging for SOC,https://tryhackme.com/room/windowsloggingforsoc,easy,walkthrough,60,36686,2025-06-25,Blue,Log analysis; Log correlation; Security analysis,Windows,Windows Event Viewer,Start your Windows monitoring journey by learning how to use system logs to detect threats.
KAPE,https://tryhackme.com/room/kape,medium,walkthrough,90,36631,2022-05-03,Blue,Digital forensics; Registry forensics,Windows,,An introduction to Kroll Artifact Parser and Extractor (KAPE) for collecting and processing forensic artifacts
C2 Detection - Command & Carol,https://tryhackme.com/room/detecting-c2-with-rita-aoc2025-m9n2b5v8c1,medium,walkthrough,60,36567,2025-12-22,Blue,Network traffic analysis,Linux,,Explore how to analyze a large PCAP and extract valuable information.
h4cked,https://tryhackme.com/room/h4cked,easy,challenge,45,36521,2021-03-12,Purple,Digital forensics; Penetration testing; Security analysis,,Hydra; Wireshark,Find out what happened by analysing a .pcap file and hack your way back into the machine
Chill Hack,https://tryhackme.com/room/chillhack,easy,challenge,45,36281,2020-11-25,Red,Network penetration testing; Penetration testing; Red teaming,Linux; Web,John the Ripper; Nmap,
Intro to Detection Engineering,https://tryhackme.com/room/introtodetectionengineering,easy,walkthrough,60,36103,2023-06-06,Blue,Detection engineering; Incident management; Incident response; SIEM engineering; SOAR development; Security analysis; Security operations,,MITRE ATT&CK Framework NEW,Introduce the concept of detection engineering and the frameworks used towards crafting effective threat detection strategies.
Ninja Skills,https://tryhackme.com/room/ninjaskills,easy,challenge,45,36093,2019-11-16,Purple,Security analysis; Threat hunting,Linux,,Practise your Linux skills and complete the challenges.
The Concierge Knows Too Much,https://tryhackme.com/room/hh-theconciergeknows-2d7eb4d9,easy,challenge,20,35654,2026-07-27,Red,AI Pentesting,Artificial intelligence,,"She knows your name, your room, your coffee order, none of which you told her. Word your next question carefully and she'll also hand over the instructions she was told to keep to herself."
The Hacker Methodology,https://tryhackme.com/room/hackermethodology,easy,walkthrough,45,35565,2021-01-13,Red,Penetration testing; Red teaming,Windows,,Introduction to the Hacker Methodology
GamingServer,https://tryhackme.com/room/gamingserver,easy,challenge,45,35500,2020-08-30,Red,Exploit development; Penetration testing; Red teaming,Linux; Web,John the Ripper; ffuf,An Easy Boot2Root box for beginners
Guided Pentest: Infrastructure,https://tryhackme.com/room/guidedpentestinfrastructure,easy,walkthrough,60,35340,2026-05-21,Red,Network penetration testing; Penetration testing,Linux,Metasploit Framework; Nmap,Understand the steps involved in a real-life pentest and follow them to compromise your target.
x86 Architecture Overview,https://tryhackme.com/room/x8664arch,easy,walkthrough,60,35256,2023-07-18,Blue,Debugging; Malware analysis,,,A crash course in x86 architecture to enable us in malware reverse engineering.
Linux PrivEsc Arena,https://tryhackme.com/room/linuxprivescarena,medium,walkthrough,75,35104,2020-06-23,Red,Penetration testing; Red teaming; Vulnerability analysis,,Hashcat; John the Ripper,Students will learn how to escalate privileges using a very vulnerable Linux VM.  SSH is open.  Your credentials are TCM:Hacker123
Agent T,https://tryhackme.com/room/agentt,easy,challenge,10,35061,2022-08-05,Red,Application penetration testing; Penetration testing; Red teaming; Security analysis; Vulnerability analysis,Linux; Web,Nmap,Something seems a little off with the server.
Advanced SQL Injection,https://tryhackme.com/room/advancedsqlinjection,medium,walkthrough,60,34136,2024-06-11,Red,,Web,Nmap; SQLMap; sqlninja,Learn advanced injection techniques to exploit a web app.
Threat Hunting: Introduction,https://tryhackme.com/room/introductiontothreathunting,easy,walkthrough,45,34073,2023-09-25,Blue,Incident response; Security operations; Threat hunting,,ATT&CK Navigator NEW,"Behind the scenes of Threat Hunting - mindset, process, and goals."
Source,https://tryhackme.com/room/source,easy,challenge,45,34072,2020-07-07,Red,Penetration testing,,,"Exploit a recent vulnerability and hack Webmin, a web-based system configuration tool."
Toolbox: Vim,https://tryhackme.com/room/toolboxvim,easy,walkthrough,45,33884,2019-11-07,Purple,,,,"Learn vim, a universal text editor that can be incredibly powerful when used properly. From basic text editing to editing of binary files, Vim can be an important arsenal in a security toolkit."
Introduction to Antivirus,https://tryhackme.com/room/introtoav,easy,walkthrough,90,33837,2022-07-20,Blue,Malware analysis; Security analysis; Security operations,Linux,CrowdStrike Falcon; Cuckoo Sandbox; Detect it Easy,Understand how antivirus software works and what detection techniques are used to bypass malicious file checks.
Cheese CTF,https://tryhackme.com/room/cheesectfv10,easy,challenge,60,33033,2024-09-24,Red,,Linux,,Inspired by the great cheese talk of THM!
Boiler CTF,https://tryhackme.com/room/boilerctf2,medium,challenge,75,32596,2019-08-22,Red,Application penetration testing; Penetration testing,Linux; Web,,Intermediate level CTF
Learn and win prizes,https://tryhackme.com/room/tickets1,info,walkthrough,30,32452,2021-07-10,,,,,"Complete rooms, win tickets. Get 3 of the same tickets and win a prize."
Intro to Pipeline Automation,https://tryhackme.com/room/introtopipelineautomation,easy,walkthrough,60,31946,2023-01-31,Purple,Detection engineering; DevSecOps; Security analysis,Azure,,This room provides an introduction to DevOps pipeline automation and the potential security concerns.
Introduction to Windows API,https://tryhackme.com/room/windowsapi,easy,walkthrough,60,31309,2022-09-03,Red,Endpoint security monitoring; Red teaming; Security analysis,Windows,,Learn how to interact with the win32 API and understand its wide range of use cases
Chocolate Factory,https://tryhackme.com/room/chocolatefactory,easy,challenge,45,31060,2021-01-17,Red,Penetration testing; Threat hunting,Linux; Web,Hashcat; Nmap,"A Charlie And The Chocolate Factory themed room, revisit Willy Wonka's chocolate factory!"
Network Discovery Detection,https://tryhackme.com/room/networkdiscoverydetection,medium,walkthrough,60,30704,2025-10-01,Blue,Port scanning,N/A,"ELK Stack (Elasticsearch,Logstash,Kibana); Netcat NEW","Understand how attackers discover assets in a network, and how to detect that activity."
Gatekeeper,https://tryhackme.com/room/gatekeeper,medium,challenge,75,30408,2020-05-19,Red,Exploit development; Penetration testing; Red teaming,Windows,Ghidra; Immunity Debugger; WinPeas,Can you get past the gate and through the fire?
AI Models & Data,https://tryhackme.com/room/aimodelsdata,medium,walkthrough,60,30400,2026-04-13,Blue,Model hardening,Artificial intelligence,,"Explore how data is fundamental to AI security, and the models which power it."
Detecting Web Attacks,https://tryhackme.com/room/detectingwebattacks,easy,walkthrough,60,30014,2025-09-11,Blue,Log analysis; Network traffic analysis; Web application security,Web,Wireshark,Explore web attacks and detection methods through log and network traffic analysis.
The Sticker Shop,https://tryhackme.com/room/thestickershop,easy,challenge,120,29727,2024-11-29,Red,,Linux,,Can you exploit the sticker shop in order to capture the flag?
Broken Access Control,https://tryhackme.com/room/owaspbrokenaccesscontrol,easy,walkthrough,30,29465,2023-06-29,Purple,Application penetration testing; Exploit development; Identity and access management (IAC); Penetration testing; Red teaming; Security analysis,Linux,Burp Suite,Exploit Broken Access Control: Number 1 of the Top 10 web security risks.
Room 404,https://tryhackme.com/room/hh-room404-804573bf,easy,challenge,30,29425,2026-07-28,Red,Web application security,Linux,,"He booked the quiet room. It's not on the floor plan, not in the brochure, not on any door. But port 8080 is wide open, and the rooms it never lists are the ones worth finding."
Hack2Win: How you can grab extra tickets,https://tryhackme.com/room/hack2win,info,walkthrough,5,29336,2025-08-25,,,,,"Hack and win! Complete rooms, earn tickets, fill stamp cards, and enter raffles for $40,000+ prizes."
Bolt,https://tryhackme.com/room/bolt,easy,walkthrough,45,29285,2020-08-12,Red,Application penetration testing; Penetration testing,Web,Nmap; searchsploit,A hero is unleashed
MD2PDF,https://tryhackme.com/room/md2pdf,easy,challenge,5,29245,2023-02-10,Red,Application penetration testing; Penetration testing; Red teaming; Vulnerability analysis,Web,,TopTierConversions LTD is proud to present its latest product launch.
Linux Logging for SOC,https://tryhackme.com/room/linuxloggingforsoc,easy,walkthrough,45,28986,2025-09-17,Blue,Log analysis; Log correlation; Security analysis,Linux,,Explore key Linux log sources and learn how to use them in your SOC triage.
Preparation,https://tryhackme.com/room/preparation,medium,walkthrough,60,28463,2023-09-05,Blue,Incident documentation; Incident management; Incident response; Logging,Windows,TheHive,A look into the Preparation phase of the Incident Response.
Sudo Security Bypass,https://tryhackme.com/room/sudovulnsbypass,info,walkthrough,30,28416,2020-02-09,Red,Penetration testing; Red teaming; Security analysis,,,A tutorial room exploring CVE-2019-14287 in the Unix Sudo Program. Room One in the SudoVulns Series
Light,https://tryhackme.com/room/lightroom,easy,challenge,60,28380,2025-01-17,Red,Application penetration testing,Linux,,Welcome to the Light database application!
Tor,https://tryhackme.com/room/torforbeginners,easy,walkthrough,45,28359,2020-01-28,Red,Red teaming,,,A beginner orienteered guide on using the Tor network
MBR and GPT Analysis,https://tryhackme.com/room/mbrandgptanalysis,medium,walkthrough,80,28352,2025-01-22,Blue,Digital forensics,Linux; Windows,FTK Imager,Learn how MBR and GPT forensics are carried out to identify attacks during the boot process.
Team,https://tryhackme.com/room/teamcw,easy,challenge,45,28346,2021-03-05,Red,Penetration testing; Red teaming,,,Beginner friendly boot2root machine
Breaking Crypto the Simple Way,https://tryhackme.com/room/breakingcryptothesimpleway,easy,walkthrough,60,28182,2025-04-08,Red,Application penetration testing,Web,Burp Suite,Exploiting common cryptographic mistakes.
Reversing ELF,https://tryhackme.com/room/reverselfiles,easy,challenge,45,28074,2019-11-25,Purple,Exploit development; Security analysis,,,Room for beginner Reverse Engineering CTF players
ColddBox: Easy,https://tryhackme.com/room/colddboxeasy,easy,challenge,70,27936,2021-01-06,Red,Application penetration testing; Penetration testing; Red teaming,Linux; Web,nc,An easy level machine with multiple ways to escalate privileges. By Hixec.
Archangel,https://tryhackme.com/room/archangel,easy,challenge,45,27785,2021-02-03,Red,Application penetration testing; Network penetration testing; Penetration testing,Linux; Web,,"Boot2root, Web exploitation, Privilege escalation, LFI"
Mustacchio,https://tryhackme.com/room/mustacchio,easy,challenge,45,27710,2021-06-11,Red,Penetration testing; Vulnerability analysis,Linux; Web,,Easy boot2root Machine
U.A. High School,https://tryhackme.com/room/yueiua,easy,challenge,60,27707,2024-08-23,Red,,Linux,,"Welcome to the web application of U.A., the Superhero Academy."
Bypass Disable Functions,https://tryhackme.com/room/bypassdisablefunctions,info,challenge,60,27474,2021-09-10,Red,Penetration testing; Red teaming,Linux,Metasploit Framework; Responder; Veil-Framework,Practice bypassing disabled dangerous features that run operating system commands or start processes.
Getting Started,https://tryhackme.com/room/gettingstarted,easy,walkthrough,45,27329,2020-09-27,Red,Brute force attacks; Code review; Directory enumeration,Web,,Get started with TryHackMe by hacking a fake social media website!
GoldenEye,https://tryhackme.com/room/goldeneye,medium,challenge,75,27134,2019-02-08,Red,Code review; Port scanning; Privilege escalation,Linux; Web,,"Bond, James Bond. A guided CTF."
Windows PrivEsc Arena,https://tryhackme.com/room/windowsprivescarena,medium,walkthrough,75,26917,2020-05-01,Red,Penetration testing; Red teaming; Security analysis,Windows,Metasploit Framework,Students will learn how to escalate privileges using a very vulnerable Windows 7 VM.  RDP is open.  Your credentials are user:password321
MS Sentinel: Introduction,https://tryhackme.com/room/sentinelintroduction,easy,walkthrough,45,26883,2025-03-05,Blue,Cloud security engineering,Azure, Microsoft Sentinel,What is Microsoft Sentinel and how does it fit into the role of a Security Operations Analyst?
Publisher,https://tryhackme.com/room/publisher,easy,challenge,60,26642,2024-06-28,Purple; Red,Application penetration testing; Application security engineering; Network penetration testing; Network security engineering; Penetration testing; Red teaming; Vulnerability analysis,Linux; Web,Dirbuster; Gobuster; LinPeas; Metasploit Framework; Ncat; Nmap; dirb; ferox; ffuf; nc; wfuzz,Test your enumeration skills on this boot-to-root machine.
Geolocating Images,https://tryhackme.com/room/geolocatingimages,easy,walkthrough,45,26634,2020-02-04,Purple,OSINT; Penetration testing; Red teaming,,,Room to understand how to geolocate images
Silver Platter,https://tryhackme.com/room/silverplatter,easy,challenge,180,26392,2025-01-10,Red,,Linux,,Can you breach the server?
ffuf,https://tryhackme.com/room/ffuf,easy,walkthrough,45,26359,2021-07-13,Red,Application penetration testing; Detection engineering; Network penetration testing; Penetration testing; Red teaming; Security analysis,,,"Enumeration, fuzzing, and directory brute forcing using ffuf"
Whiterose,https://tryhackme.com/room/whiterose,easy,challenge,60,26005,2024-10-30,Red,,Linux,,Yet another Mr. Robot themed challenge.
Log Analysis with SIEM,https://tryhackme.com/room/loganalysiswithsiem,medium,walkthrough,90,25933,2025-08-21,Blue,Log analysis; Log correlation,Linux; Web; Windows,Splunk,Learn how SIEM solutions can be used to detect and analyse malicious behaviour.
AI Threat Modelling Assessment,https://tryhackme.com/room/aithreatmodellingassessment,easy,challenge,15,25424,2026-04-13,Blue,AI Pentesting,Artificial intelligence,,Put your AI threat modelling skills to the test using an interactive assessment application.
The Cod Caper,https://tryhackme.com/room/thecodcaper,easy,walkthrough,45,25333,2020-03-20,Red,Exploitation; Penetration testing; Red teaming,Linux,Gobuster; Hashcat; Nmap; SQLMap,A guided room taking you through infiltrating and exploiting a Linux system.
Android Hacking 101,https://tryhackme.com/room/androidhacking101,medium,walkthrough,75,25274,2020-09-02,Purple,Application security engineering; Mobile penetration testing,Android,ADB; FireBaseScanner; Genymotion; Jadx; MARA,Android Mobile Application Penetration Testing
Bypassing UAC,https://tryhackme.com/room/bypassinguac,medium,walkthrough,45,25217,2022-03-29,Red,,Linux,Metasploit Framework; Responder; Veil-Framework,Learn common ways to bypass User Account Control (UAC) in Windows hosts.
Prompt Engineering,https://tryhackme.com/room/promptengineeringaisec,easy,walkthrough,60,24972,2026-04-13,Purple,Prompt injection,Artificial intelligence,,Learn how LLMs process text and craft effective prompts for security and adversarial testing.
CSRF,https://tryhackme.com/room/csrfV2,medium,walkthrough,60,24611,2024-04-18,Red,Penetration testing,Web,CyberChef; Developer Tool,Learn how a CSRF vulnerability works and methods to exploit and defend against CSRF vulnerabilities.
Digital Forensics Case B4DM755,https://tryhackme.com/room/caseb4dm755,easy,walkthrough,120,24546,2023-06-02,Blue,Digital forensics; Documentation; Evidence preservation; Incident handling; Incident response,Windows,FTK Imager,"Acquire the critical skills of evidence preservation, disk imaging, and artefact analysis for use in court."
Threat Intelligence for SOC,https://tryhackme.com/room/threatintelligenceforsoc,medium,walkthrough,60,24344,2023-06-14,Blue,Detection engineering; SIEM engineering; Security operations,,ELK Stack; Uncoder.io,Learn how to utilise Threat Intelligence to improve the Security Operations pipeline.
File and Hash Threat Intel,https://tryhackme.com/room/fileandhashthreatintel,easy,walkthrough,64,24094,2025-08-20,Blue,Cyber threat intelligence,,VirusTotal; hybrid-analysis,This room seeks to teach on enriching file and hash artefacts using threat intelligence.
The Marketplace,https://tryhackme.com/room/marketplace,medium,challenge,75,23990,2020-10-16,Red,Application penetration testing; Penetration testing,,Nmap; SQLMap,Can you take over The Marketplace's infrastructure?
Windows Threat Detection 1,https://tryhackme.com/room/windowsthreatdetection1,medium,walkthrough,60,23978,2025-07-09,Blue,Log analysis; Log correlation; Security analysis,Windows,Windows Event Viewer,Explore common Initial Access methods on Windows and learn how to detect them.
SQL Injection Introduction,https://tryhackme.com/room/sqlinjectionintroduction,easy,walkthrough,60,23867,2026-05-27,Red,Authentication bypass; Data exfiltration; SQL injection; Web application security,Web,SQL Lite; SQLMap,Learn how to detect and exploit SQL Injection vulnerabilities.
NoSQL Injection,https://tryhackme.com/room/nosqlinjectiontutorial,easy,walkthrough,30,23826,2024-07-09,Red,Application penetration testing,Web,Burp Suite,A walkthrough depicting basic NoSQL injections on MongoDB.
Linux File System Analysis,https://tryhackme.com/room/linuxfilesystemanalysis,easy,walkthrough,60,23557,2024-03-19,Blue,Digital forensics; Incident response; Security analysis; Threat hunting,Linux,,Perform real-time file system analysis on a Linux system to identify an attacker's artefacts.
NahamStore,https://tryhackme.com/room/nahamstore,medium,challenge,75,23423,2021-01-28,Red,Application penetration testing; Penetration testing,Web,,In this room you will learn the basics of bug bounty hunting and web application hacking
Fools Mate,https://tryhackme.com/room/foolsmate,easy,challenge,15,23144,2026-07-03,Red,Enumeration; Web application security,Linux,,Can you bypass the engine?
Empire,https://tryhackme.com/room/rppsempire,easy,walkthrough,45,22982,2020-02-12,Red,C2 development; Exploit development; Penetration testing; Red teaming,Windows,Empire,"Learn how to use Empire and it's GUI Starkiller, a powerful post-exploitation C2 framework."
AI Forensics,https://tryhackme.com/room/aiforensics,medium,walkthrough,60,22968,2025-07-08,Blue,Digital forensics,Artificial intelligence,Python,Explore AI DFIR and learn how it boosts your investigation capabilities.
Ra,https://tryhackme.com/room/ra,hard,challenge,120,22826,2020-07-03,Red,Penetration testing; Red teaming,,,You have found WindCorp's internal network and their Domain Controller. Can you pwn their network?
Sudo Buffer Overflow,https://tryhackme.com/room/sudovulnsbof,info,walkthrough,30,22813,2020-02-09,Red,Exploitation; Penetration testing; Privilege escalation; Red teaming,Linux,searchsploit,A tutorial room exploring CVE-2019-18634 in the Unix Sudo Program. Room Two in the SudoVulns Series
Opacity,https://tryhackme.com/room/opacity,easy,challenge,120,22557,2023-04-07,Red,Application penetration testing; Penetration testing,Linux,,Opacity is a Boot2Root made for pentesters and cybersecurity enthusiasts.
Anonforce,https://tryhackme.com/room/bsidesgtanonforce,easy,challenge,45,22376,2019-08-13,Red,Penetration testing; Red teaming,Linux; Web,,boot2root machine for FIT and bsides guatemala CTF
Linux Threat Detection 1,https://tryhackme.com/room/linuxthreatdetection1,medium,walkthrough,60,21980,2025-09-24,Blue,Log analysis; Log correlation; Security analysis,Linux,,Explore how attackers break into Linux systems and how you can detect this in logs.
kiba,https://tryhackme.com/room/kiba,easy,challenge,45,21715,2020-08-28,Red,Application penetration testing; Penetration testing; Privilege escalation,Linux,,"Identify the critical security flaw in the data visualization dashboard, that allows execute remote code execution."
Thompson,https://tryhackme.com/room/bsidesgtthompson,easy,challenge,45,21699,2019-08-24,Red,Application penetration testing; Penetration testing; Red teaming,Linux; Web,,boot2root machine for FIT and bsides guatemala CTF
Carnage,https://tryhackme.com/room/c2carnage,medium,challenge,60,21673,2021-11-25,Blue,Digital forensics; Malware analysis; Security analysis; Threat hunting,Windows,Wireshark,Apply your analytical skills to analyze the malicious network traffic using Wireshark.
SSRF,https://tryhackme.com/room/ssrfhr,medium,walkthrough,60,21593,2024-01-16,Red,Application penetration testing; Application security engineering; Exploitation; Penetration testing,Linux; Web,,Discover the inner workings of SSRF and explore multiple exploitation techniques.
Madness,https://tryhackme.com/room/madness,easy,challenge,45,21554,2020-01-10,Red,Code review; Port scanning; Scripting,Linux,CyberChef; Nmap,Will you be consumed by Madness?
Crack The Hash Level 2,https://tryhackme.com/room/crackthehashlevel2,medium,challenge,75,21349,2021-01-13,Red,Penetration testing,,Hashcat; John the Ripper,Advanced cracking hashes challenges and wordlist generation
Threat Hunting: Foothold,https://tryhackme.com/room/threathuntingfoothold,medium,walkthrough,90,21312,2023-09-26,Blue,Detection engineering; Incident response; Security operations,Windows,ELK Stack,Hunting suspicious activities indicating initial user or host compromise.
The Phishing Pond,https://tryhackme.com/room/phishingpond,easy,challenge,15,20916,2025-10-17,,,,,Catch the phish before the phish catches you.
Critical,https://tryhackme.com/room/critical,easy,walkthrough,60,20736,2024-07-17,Blue,Digital forensics; Incident response; Security analysis; Security operations; Threat hunting,Linux; Windows,FTK Imager; Volatility,Acquire the basic skills to analyze a memory dump in a practical scenario.
MAL: Researching,https://tryhackme.com/room/malresearching,easy,walkthrough,45,20729,2020-08-04,Blue,Digital forensics; Malware analysis; Security analysis,Windows,"Windows' ""Powershell; hybrid-analysis","Understanding checksums, how to generate them and their use throughout malware analysis with online sandboxing & reporting services"
HTTP Request Smuggling,https://tryhackme.com/room/httprequestsmuggling,easy,walkthrough,60,20693,2024-01-23,Red,Application penetration testing; Exploitation; Penetration testing; Vulnerability analysis,Linux; Web,Burp Suite,Learn about HTTP Request Smuggling and its different techniques.
Library,https://tryhackme.com/room/bsidesgtlibrary,easy,challenge,45,20599,2019-08-24,Red,Application penetration testing; Penetration testing; Red teaming,Linux; Web,Autopsy,boot2root machine for FIT and bsides guatemala CTF
Overheard at Breakfast,https://tryhackme.com/room/hh-overheardatbreakfast-6f01793c,easy,challenge,45,20581,2026-08-01,Blue; Purple; Red,OSINT,N/A,,Two strangers. One conversation. One profile they never meant to reveal.
Intro to IoT Pentesting,https://tryhackme.com/room/iotintro,easy,walkthrough,45,20570,2020-08-05,Blue,Application security engineering; Network security engineering; Security analysis; Security operations,Linux,Burp Suite; FAT,A beginner friendly walkthrough for internet of things (IoT) pentesting.
Advent of Cyber '23 Side Quest,https://tryhackme.com/room/adventofcyber23sidequest,hard,challenge,60,20394,2023-11-29,Purple,,,,Explore a series of advanced challenges alongside the core Advent of Cyber event!
Break Out The Cage,https://tryhackme.com/room/breakoutthecage1,easy,challenge,45,20310,2020-06-14,Red,Penetration testing; Red teaming,Linux,,Help Cage bring back his acting career and investigate the nefarious goings on of his agent!
The Brochure,https://tryhackme.com/room/hh-thebrochure-081f3e36,easy,challenge,20,20297,2026-07-24,Blue,Enumeration; OSINT,N/A,,"The brochure's hero photo has an AI fingerprint. Follow the account that posted it, and the trail doesn't end at the hotel; it ends at someone the hotel never mentioned."
Gallery,https://tryhackme.com/room/gallery666,easy,challenge,45,20146,2022-02-11,Red,Penetration testing; Red teaming,Linux; Web,Nmap; SQLMap,Try to exploit our image gallery system
All in One,https://tryhackme.com/room/allinonemj,easy,challenge,45,20026,2020-12-09,Red,Application penetration testing; Penetration testing; Red teaming; Vulnerability analysis,Linux; Web,Gobuster; Nmap,This is a fun box where you will get to exploit the system in several ways. Few intended and unintended paths to getting user and root access.
L2 MAC Flooding & ARP Spoofing,https://tryhackme.com/room/layer2,easy,walkthrough,120,19906,2022-04-27,Red,Network penetration testing; Penetration testing; Red teaming,Linux,Nmap,Learn how to use MAC Flooding to sniff traffic and ARP Cache Poisoning to manipulate network traffic as a MITM.
Juicy Details,https://tryhackme.com/room/juicydetails,easy,challenge,45,19853,2021-06-18,Blue,Endpoint security monitoring; Reconnaissance; Security analysis; Security operations,Web,,A popular juice shop has been breached! Analyze the logs to see what had happened...
Identification & Scoping,https://tryhackme.com/room/identificationandscoping,medium,walkthrough,60,19836,2023-08-23,Blue,Digital forensics; Email analysis; Incident handling; Incident response; SIEM engineering; Security operations,Windows,Microsoft Outlook NEW,"A look into the second phase of the Incident Response Framework, Identification & Scoping."
Dreaming,https://tryhackme.com/room/dreaming,easy,challenge,45,19820,2023-11-17,Red,Penetration testing; Red teaming; Threat hunting,Linux; Web,Hydra; ffuf,Solve the riddle that dreams have woven.
Smol,https://tryhackme.com/room/smol,medium,challenge,60,19795,2025-01-24,Purple; Red,Application penetration testing; Application security engineering; Network penetration testing; Penetration testing; Red teaming; Threat hunting,Linux; Web,Burp Suite; Dirbuster; Gobuster; Hashcat; Hydra; John the Ripper; LinPeas; Ncat; Nikto; Nmap; Zap; dirb; ferox; ffuf; nc; wfuzz,Test your enumeration skills on this boot-to-root machine.
0day,https://tryhackme.com/room/0day,medium,challenge,75,19573,2020-10-18,Red,Application penetration testing; Penetration testing; Red teaming,Linux,,"Exploit Ubuntu, like a Turtle in a Hurricane"
Valley,https://tryhackme.com/room/valleype,easy,challenge,120,19456,2023-05-26,Red,Penetration testing; Red teaming,Linux; Web,Ghidra; Wireshark; ffuf,Can you find your way into the Valley?
Intro to Threat Emulation,https://tryhackme.com/room/threatemulationintro,medium,walkthrough,60,19391,2023-08-15,Blue,Incident response; Security operations; Threat hunting,,ATT&CK Navigator NEW; MITRE ATT&CK Framework NEW,A look into threat emulation practices as a means of cyber security assessment.
Intro to IaC,https://tryhackme.com/room/introtoiac,easy,walkthrough,90,19071,2024-02-15,Blue,Infrastructure as Code (IaC); System administration,,chef; pulumi; puppet,An introduction to infrastructure as code.
Investigating Windows 2.0,https://tryhackme.com/room/investigatingwindows2,medium,challenge,45,19049,2021-02-12,Blue,Digital forensics; Security analysis; Security operations,Windows,Sysinternals Suite,"In the previous challenge you performed a brief analysis. Within this challenge, you will take a deeper dive into the attack."
Complimentary,https://tryhackme.com/room/hh-complimentary-05e0b604,easy,challenge,60,18852,2026-07-29,Red,Cloud penetration testing,AWS,,"Install the free app and it hands your phone a set of cloud keys, the same set it hands everyone. They're read-only, but read-only of every guest's contacts, location, and passwords, not just Lambo's. She gave consent. Technically."
Phishing Basics,https://tryhackme.com/room/phishingbasics,easy,walkthrough,45,18789,2026-04-07,Red,Adversary emulation; Penetration testing; Phishing; Social engineering,Linux,The Social-Engineer Toolkit (SET),Explore phishing techniques and tools for penetration testing.
Forensic Imaging,https://tryhackme.com/room/forensicimaging,easy,walkthrough,45,18742,2024-07-31,Blue,Digital forensics; Incident response; Security analysis; Threat hunting,Linux,FTK Imager; Guymager; dc3dd; dd; ddrescue; ewfacquire,Learn the basic concepts of forensic imaging.
Linux Backdoors,https://tryhackme.com/room/linuxbackdoors,easy,walkthrough,45,18741,2021-03-02,Red,Penetration testing,Linux,,Learn all the different techniques used to backdoor a linux machine!
Dissecting PE Headers,https://tryhackme.com/room/dissectingpeheaders,medium,walkthrough,120,18451,2022-11-22,Blue,Malware analysis,Windows,PE Check,Learn about Portable Executable files and how their headers work.
Oracle 9,https://tryhackme.com/room/oracle9,easy,challenge,10,18427,2025-07-03,Red,AI Pentesting,Artificial intelligence,,"My designation is Oracle 9, I carry with me a sealed transmission."
Advent of Cyber '24 Side Quest,https://tryhackme.com/room/adventofcyber24sidequest,hard,challenge,1337,18410,2024-12-01,Blue; Red,Application penetration testing; Enumeration; Penetration testing,Linux; Web; Windows,,Explore a series of advanced challenges alongside the core Advent of Cyber event!
Biohazard,https://tryhackme.com/room/biohazard,medium,challenge,75,18351,2019-09-21,Red,Penetration testing; Red teaming,Linux,,"A CTF room based on the old-time survival horror game, Resident Evil. Can you survive until the end?"
Memory Forensics,https://tryhackme.com/room/memoryforensics,easy,challenge,45,18299,2021-04-04,Blue,Digital forensics; Registry forensics; Scripting,Linux,Volatility,Perform memory forensics to find the flags
mKingdom,https://tryhackme.com/room/mkingdom,easy,challenge,60,18264,2024-06-14,Red,Privilege escalation; Reverse shell techniques; User enumeration,Linux; Web,,Beginner-friendly box inspired by a certain mustache man.
Jack-of-All-Trades,https://tryhackme.com/room/jackofalltrades,easy,challenge,45,18164,2020-03-23,Red,Application penetration testing; Penetration testing; Red teaming,Linux,CyberChef,Boot-to-root originally designed for Securi-Tay 2020
Overpass 3 -  Hosting,https://tryhackme.com/room/overpass3hosting,medium,challenge,75,18138,2021-01-10,Red,Application penetration testing; Exploitation; Penetration testing; Red teaming,Linux; Web,Gobuster; Hydra,"You know them, you love them, your favourite group of broke computer science students have another business venture! Show them that they probably should hire someone for security..."
Insecure Deserialisation,https://tryhackme.com/room/insecuredeserialisation,medium,walkthrough,120,18115,2024-05-07,Red,Exploitation; Penetration testing,Web,PHPGGC,Get in-depth knowledge of the deserialisation process and how it poses a vulnerability in a web app.
Tech_Supp0rt: 1,https://tryhackme.com/room/techsupp0rt1,easy,challenge,90,17965,2022-04-15,Red,Penetration testing; Red teaming,Linux,Burp Suite; CyberChef; Nmap,Hack into the scammer's under-development website to foil their plans.
DNS Manipulation,https://tryhackme.com/room/dnsmanipulation,easy,walkthrough,30,17947,2021-03-09,Red,Exploitation,Linux; Windows,Wireshark,Manipulating DNS queries to our advantage
Creative,https://tryhackme.com/room/creative,easy,challenge,120,17857,2024-04-12,Red,Exploitation; Penetration testing; Vulnerability analysis,Linux; Web,,Exploit a vulnerable web application and some misconfigurations to gain root privileges.
CyberLens,https://tryhackme.com/room/cyberlensp6,easy,challenge,120,17817,2024-05-17,Red,Exploitation; Penetration testing,Web,,Can you exploit the CyberLens web server and discover the hidden flags?
Looking Glass,https://tryhackme.com/room/lookingglass,medium,challenge,75,17750,2020-08-16,Red,Application penetration testing; Exploit development; Penetration testing,Linux,CyberChef; Reverse/Bind Shell,Step through the looking glass. A sequel to the Wonderland challenge room.
Writing Pentest Reports,https://tryhackme.com/room/writingpentestreports,easy,walkthrough,60,17748,2025-05-13,Red,Application penetration testing; Penetration testing,Web,Burp Suite,Learn how to write professional pentesting reports that communicate risk to business stakeholders.
IDE,https://tryhackme.com/room/ide,easy,challenge,45,17568,2021-10-15,Red,Application penetration testing; Penetration testing; Red teaming,Linux; Web,Nmap,An easy box to polish your enumeration skills!
Beach Bar,https://tryhackme.com/room/hh-beachbar-d849f7f7,easy,challenge,60,17518,2026-07-31,Red,Enumeration; Privilege escalation; Web application security,Linux,Netcat NEW; Nmap; curl,"At the Beach Bar, even shell access is complimentary. The jukebox takes requests. Any kind."
Printer Hacking 101,https://tryhackme.com/room/printerhacking101,easy,walkthrough,45,17425,2020-09-29,Red,Network traffic analysis; Penetration testing; Red teaming,Linux,Hydra,Learn about (and get hands on with) printer hacking and understand the basics of IPP.
Smag Grotto,https://tryhackme.com/room/smaggrotto,easy,challenge,45,17419,2020-07-29,Red,Packet analysis; Penetration testing,Linux,,Follow the yellow brick road.
Content Discovery,https://tryhackme.com/room/contentdiscoveryx,easy,walkthrough,30,17394,2026-05-21,Red,Brute force attacks; Enumeration; OSINT,Linux; Web,Gobuster; dirb; ffuf,"Discover hidden web content using manual techniques, OSINT, and Gobuster enumeration."
Nax,https://tryhackme.com/room/nax,medium,challenge,75,17334,2020-04-24,Red,Exploit development; Penetration testing; Red teaming,Linux,Gimp; Metasploit Framework; Nmap,"Identify the critical security flaw in the most powerful and trusted network monitoring software on the market, that allows an user authenticated execute remote code execution."
Unattended,https://tryhackme.com/room/unattended,medium,walkthrough,60,17221,2023-03-10,Blue,Disk imaging; Incident handling; Incident response; Registry forensics,Windows,,Use your Windows forensics knowledge to investigate an incident.
Packed Light,https://tryhackme.com/room/hh-packedlight-02e5330c,easy,challenge,60,17154,2026-07-30,Blue,Packet analysis,Linux,Wireshark,"Tiny packets. Odd hours. Suspiciously regular. Someone's smuggling out the data equivalent of a hotel towel every night, folded neatly inside traffic that looks ordinary until you decode it."
Linux Incident Surface,https://tryhackme.com/room/linuxincidentsurface,easy,walkthrough,80,17111,2024-09-18,Blue,Digital forensics,Linux,OSQuery,Explore various areas of Incident Surface in Linux and how to identify the footprints of the incident.
Dav,https://tryhackme.com/room/bsidesgtdav,easy,challenge,45,17106,2019-08-26,Red,Application penetration testing; Penetration testing; Red teaming,Linux; Web,,boot2root machine for FIT and bsides guatemala CTF
Securing AI Systems,https://tryhackme.com/room/securingaisystems,medium,walkthrough,60,16958,2026-04-13,Blue,Security architecture,Artificial intelligence,,"Map AI architecture, identify OWASP/ATLAS attack surfaces, and apply secure design to trust boundaries."
VulnNet: Roasted,https://tryhackme.com/room/vulnnetroasted,easy,challenge,45,16949,2021-05-14,Red,Active Directory pentesting; Penetration testing; Red teaming; User enumeration,Active Directory; Linux,Nmap,VulnNet Entertainment quickly deployed another management instance on their very broad network...
Bugged,https://tryhackme.com/room/bugged,easy,challenge,30,16582,2023-03-03,Red,Application penetration testing; Exploit development; Hardware penetration testing; Network penetration testing; Penetration testing; Port scanning; Red teaming,Linux,,John likes to live in a very Internet connected world. Maybe too connected...
KaffeeSec - SoMeSINT,https://tryhackme.com/room/somesint,medium,walkthrough,75,16414,2021-03-23,Blue,Information gathering; OSINT,Linux,,An intro to SOCMINT (Social Media Intelligence/Investigation) techniques and tooling. Use your awesome OSINT skills to perform an online investigation of a mysterious husband!
RustScan,https://tryhackme.com/room/rustscan,easy,walkthrough,45,16271,2021-01-09,Red,Documentation; Port scanning; Red teaming,Linux,,Learn how to use RustScan.
Linux Process Analysis,https://tryhackme.com/room/linuxprocessanalysis,easy,walkthrough,60,16220,2024-05-29,Blue,Incident response; Security analysis,,,Perform thorough process and application analysis to identify an attacker's persistence methods.
hackerNote,https://tryhackme.com/room/hackernote,medium,walkthrough,75,16152,2020-02-19,Red,Brute force attacks; Privilege escalation; User enumeration,Linux; Web,,"A custom webapp, introducing username enumeration, custom wordlists and a basic privilege escalation exploit."
Incident Response Process,https://tryhackme.com/room/incidentresponseprocess,medium,walkthrough,90,16126,2024-11-26,Blue,Incident response,Windows,,Practice the NIST Incident Response lifecycle steps on a compromised Windows workstation.
Physical Security Intro,https://tryhackme.com/room/physicalsecurityintro,easy,walkthrough,45,16113,2020-10-21,Red,Hardware penetration testing,,Jiggler; Mini Knife; Shim; knife,"This room is an introduction to physical security methods to bypass locks, doors and other physical barriers."
HA Joker CTF,https://tryhackme.com/room/jokerctf,medium,challenge,75,16101,2019-10-23,Red,Application penetration testing; Password cracking; Penetration testing; Privilege escalation,Windows,,Batman hits Joker.
GLITCH,https://tryhackme.com/room/glitch,easy,challenge,45,15970,2021-03-31,Red,Application penetration testing; Code review; Port scanning; Reverse shell techniques,Linux; Web,,Challenge showcasing a web app and simple privilege escalation. Can you find the glitch?
Capture!,https://tryhackme.com/room/capture,easy,challenge,180,15967,2023-05-05,Red,Application penetration testing; Brute force attacks; Penetration testing; Red teaming,Linux,,Can you bypass the login form?
CMesS,https://tryhackme.com/room/cmess,medium,challenge,75,15835,2020-02-14,Red,Penetration testing; Red teaming,Linux,Nmap; SQLMap,Can you root this Gila CMS box?
Mobile Malware Analysis,https://tryhackme.com/room/mma,easy,walkthrough,60,15759,2021-08-03,Blue,Incident response; Mobile penetration testing,Windows,MITRE ATT&CK® Navigator,Learn and practice mobile malware analysis.
VulnNet: Internal,https://tryhackme.com/room/vulnnetinternal,easy,challenge,45,15595,2021-05-05,Red,Exploitation; Penetration testing; Red teaming,Linux,Nmap; Showmount,"VulnNet Entertainment learns from its mistakes, and now they have something new for you..."
Wordpress: CVE-2021-29447,https://tryhackme.com/room/wordpresscve202129447,easy,challenge,45,15569,2021-08-27,Red,Domain enumeration; Exploitation,Linux; Web,,Vulnerability allow a authenticated user whith low privilages upload a malicious WAV file that could lead to remote arbitrary file disclosure and server-side request forgery (SSRF).
Windows x64 Assembly,https://tryhackme.com/room/win64assembly,medium,walkthrough,25,15286,2021-08-31,Blue,Malware analysis,Windows,,Introduction to x64 Assembly on Windows.
Conti,https://tryhackme.com/room/contiransomwarehgh,medium,challenge,45,15049,2022-01-07,Blue,Digital forensics; Incident response; Malware analysis; Threat hunting,Windows,Splunk,An Exchange server was compromised with ransomware. Use Splunk to investigate how the attackers compromised the server.
OverlayFS - CVE-2021-3493,https://tryhackme.com/room/overlayfs,info,walkthrough,30,14984,2021-04-28,Red,Exploitation; Penetration testing; Red teaming,Linux,,Exploit a 2021 Kernel vulnerability in Ubuntu to become root almost instantly!
Intrusion Detection,https://tryhackme.com/room/idsevasion,medium,walkthrough,60,14917,2022-04-13,Red,Penetration testing; Red teaming,,Nikto; Nmap; Suricata; Wazuh,Learn cyber evasion techniques and put them to the test against two IDS
WebGOAT,https://tryhackme.com/room/webgoat,easy,walkthrough,45,14903,2020-01-16,Red,Domain enumeration; Penetration testing; Vulnerability analysis,Web,,Simple testing room for beating on WebGOAT
CTF collection Vol.2,https://tryhackme.com/room/ctfcollectionvol2,medium,challenge,75,14743,2020-01-07,Red,Penetration testing; Red teaming,Linux,Burp Suite; Nmap; SQLMap,Sharpening up your CTF skill with the collection. The second volume is about web-based CTF.
Poster,https://tryhackme.com/room/poster,easy,challenge,45,14692,2020-09-11,Red,Penetration testing; Vulnerability analysis,,,The sys admin set up a rdbms in a safe way.
Road,https://tryhackme.com/room/road,medium,challenge,60,14659,2021-11-26,Red,Lateral movement; Penetration testing; Privilege escalation; Red teaming; Reverse shell techniques,Linux,,Inspired by a real-world pentesting engagement
Soupedecode 01,https://tryhackme.com/room/soupedecode01,easy,challenge,60,14609,2025-08-01,Red,Active Directory pentesting; Application penetration testing; Network penetration testing; Penetration testing; Red teaming,Active Directory; Windows,BloodHound; CrackMapExec; Enum4linux; Hashcat; Hydra; Impacket; John the Ripper; Metasploit Framework; NetExec; Nmap; Nullinux,Test your enumeration skills on this boot-to-root machine.
Bookstore,https://tryhackme.com/room/bookstoreoc,medium,challenge,75,14521,2020-11-27,Red,Application penetration testing; Penetration testing; Red teaming,Linux; Web,,A Beginner level box with basic web enumeration and REST API Fuzzing.
Servidae,https://tryhackme.com/room/servidae,easy,walkthrough,60,14487,2023-10-24,Blue,Incident response; Log management; SIEM engineering; Security analysis,Windows,ELK Stack,Analyze the logs of an affected workstation to determine the attacker's indicators of compromise.
CSRF Introduction,https://tryhackme.com/room/csrfintroduction,easy,walkthrough,60,14367,2026-04-06,Red,Web application security,Web,,Understand CSRF vulnerability and practice exploiting insecure state-changing requests.
Digital Footprint,https://tryhackme.com/room/osintchallengeiv,easy,challenge,60,14357,2026-02-05,,,,,Beginner friendly OSINT Challenge
Linux Agency,https://tryhackme.com/room/linuxagency,medium,walkthrough,75,14291,2021-01-27,Red,Kernel exploitation; Penetration testing; Privilege escalation,Linux,,"This Room will help you to sharpen your Linux Skills and help you to learn basic privilege escalation in a HITMAN theme. So, pack your briefcase and grab your SilverBallers as its gonna be a tough ride."
LLM Security,https://tryhackme.com/room/llmsecurity,medium,walkthrough,60,14035,2026-04-13,Blue,,Artificial intelligence,,Understand LLMs as an attack surface and get an overview of LLM security threats.
REmux The Tmux,https://tryhackme.com/room/tmuxremux,info,walkthrough,30,14029,2020-09-23,Purple,Exploitation; Penetration testing; Reverse shell techniques,Linux,,"Updated, how to use tmux guide. Defaults and customize your workflow."
Phishing: HiddenEye,https://tryhackme.com/room/phishinghiddeneye,easy,walkthrough,45,14019,2020-02-16,Red,Email analysis; Phishing,Linux,Hidden Eye,"A simple guide on how to use a tool known as HiddenEye developed by ANONUD4Y. This tool helps you create a phishing page for different sites such as Gmail, Snapchat, Paypal and more. Including understanding the difference between legit and fake site."
Hidden Deep Into my Heart,https://tryhackme.com/room/lafb2026e9,easy,challenge,60,13958,2026-02-13,,,,,Find what's hidden deep inside this website.
KoTH Food CTF,https://tryhackme.com/room/kothfoodctf,easy,challenge,45,13909,2020-05-10,Red,Application penetration testing; Penetration testing; Privilege escalation,Linux,,"Practice Food KoTH alone, to get familiar with KoTH!"
SQHell,https://tryhackme.com/room/sqhell,medium,challenge,75,13838,2021-05-21,Red,Application penetration testing; Penetration testing; Red teaming,Linux,Gobuster; Nmap; SQLMap,Try and find all the flags in the SQL Injections
Baron Samedit,https://tryhackme.com/room/sudovulnssamedit,info,walkthrough,30,13822,2021-02-02,Red,Exploitation; Penetration testing; Privilege escalation; Red teaming,Linux,Metasploit Framework; searchsploit,A tutorial room exploring CVE-2021-3156 in the Unix Sudo Program. Room Three in the SudoVulns Series
Letter,https://tryhackme.com/room/letter,easy,challenge,30,13803,2026-04-15,Blue,OSINT,,,Can you help us find out more about this letter?
Psycho Break,https://tryhackme.com/room/psychobreak,easy,walkthrough,45,13665,2020-10-07,Red,Exploitation,Linux; Windows,,Help Sebastian and his team of investigators to withstand the dangers that come ahead.
Attacking ICS Plant #1,https://tryhackme.com/room/attackingics1,easy,walkthrough,45,13648,2020-11-17,Red,Penetration testing; Red teaming; Security analysis; Vulnerability analysis,Linux,registers,Learn how to discover and attack ICS plants using modbus protocol (Modicon / Schneider Electric).
Understanding Vulnerability Databases,https://tryhackme.com/room/understandingvulnerabilitydatabases,easy,walkthrough,60,13630,2026-04-27,Red,Application penetration testing; Web application security,Web,,"Explore vulnerability databases, their importance, and practical usage during pentesting."
Hacker vs. Hacker,https://tryhackme.com/room/hackervshacker,easy,challenge,60,13614,2022-08-12,Purple,Application penetration testing; Incident response; Reverse shell techniques,Linux; Web,,Someone has compromised this server already! Can you get in and evade their countermeasures?
Cat Pictures,https://tryhackme.com/room/catpictures,easy,challenge,45,13597,2021-06-04,Red,Application penetration testing; Penetration testing; Port scanning; Privilege escalation,Linux,,I made a forum where you can post cute cat pictures!
Intro to Cold System Forensics,https://tryhackme.com/room/introtocoldsystemforensics,easy,walkthrough,60,13590,2024-08-14,Blue,Digital forensics,Linux; Windows,Guymager; Volatility; dc3dd; dd,A look into the concepts of cold system forensics and how DFIR teams examine offline systems.
HTTP/2 Request Smuggling,https://tryhackme.com/room/http2requestsmuggling,hard,walkthrough,45,13578,2024-03-05,Red,Application penetration testing; Exploitation; Penetration testing; Vulnerability analysis,Linux; Web,Burp Suite; Zap,Exploit HTTP Request Smuggling in HTTP/2 environments.
Year of the Fox,https://tryhackme.com/room/yotf,hard,challenge,120,13561,2020-06-18,Red,Application penetration testing; Exploitation; Penetration testing; Privilege escalation,Linux; Web,,Don't underestimate the sly old fox...
Scheme Catcher,https://tryhackme.com/room/sq2-aoc2025-JxiOKUSD9R,insane,challenge,120,13504,2025-12-09,Red,Exploit development; Reverse engineering,Linux,,The server holds the secrets. Hopper holds the grudge.
Linux Server Forensics,https://tryhackme.com/room/linuxserverforensics,medium,walkthrough,75,13452,2021-06-01,Blue,Digital forensics; Security analysis,Linux,,Learn about digital forensics artefacts found on Linux servers by analysing a compromised server
ContAInment,https://tryhackme.com/room/containment,medium,challenge,60,13437,2025-07-08,,,,,Can you help contain the ransomware threat with the help of AI?
Vulnerability Scanning Tools,https://tryhackme.com/room/vulnerabilityscanningtools,medium,walkthrough,60,13393,2026-03-30,Red,Web application security,Web,,"Learn about scanning tools such as Nmap, OpenVAS, and Nikto, and explore the world of pentesting."
Cat Pictures 2,https://tryhackme.com/room/catpictures2,easy,challenge,60,13387,2023-06-30,Red,Application penetration testing; Penetration testing,Linux; Web,,Now with more Cat Pictures!
Senior Security Analyst Intro,https://tryhackme.com/room/seniorsecanalystintro,easy,walkthrough,30,13385,2026-06-30,Blue,Security analysis,,,Explore the duties and exciting opportunities of a SOC Level 2 analyst.
Memory Analysis Introduction,https://tryhackme.com/room/memoryanalysisintroduction,easy,walkthrough,45,13336,2025-04-23,Blue,Digital forensics; Incident response,Linux; Windows,Volatility,Learn how memory analysis helps detect threats during live investigations.
Watcher,https://tryhackme.com/room/watcher,medium,challenge,75,13148,2021-02-17,Red,Exploitation; Penetration testing; Red teaming,Linux; Web,Gobuster; Nmap,A boot2root Linux machine utilising web exploits along with some common privilege escalation techniques.
Missing Person,https://tryhackme.com/room/missingperson,easy,challenge,30,13097,2026-03-17,Blue,OSINT,,,Use your OSINT skills to help the police track down a missing person.
AI Threat Modelling,https://tryhackme.com/room/aithreatmodelling,medium,walkthrough,60,13047,2026-04-13,Blue,AI Pentesting,Artificial intelligence,MITRE ATT&CK® Navigator,"Assess and mitigate enterprise AI/ML risks via systematic, defender-focused auditing."
Outlook NTLM Leak,https://tryhackme.com/room/outlookntlmleak,easy,walkthrough,45,12871,2023-03-24,Purple,Code review; Detection engineering; Exploit development; Incident handling; Incident response; Penetration testing; Red teaming; Security analysis; Security operations,Windows,Responder NEW; Sigma,Leak password hashes from a user by sending them an email by abusing CVE-2023-23397.
Oh My WebServer,https://tryhackme.com/room/ohmyweb,medium,challenge,60,12781,2022-03-04,Red,Application penetration testing; Penetration testing; Port scanning; Red teaming,Linux; Web,Nmap,Can you root me?
Investigating Windows 3.x,https://tryhackme.com/room/investigatingwindows3,medium,challenge,45,12772,2021-02-12,Blue,Digital forensics; Malware analysis; Security analysis; Security operations,Windows,Sysinternals Suite; YaraGen,Find the artifacts resident on the endpoint and sift through captured data to determine what type attack occurred on the endpoint.
Mobile Acquisition,https://tryhackme.com/room/mobileacquisition,easy,walkthrough,45,12756,2025-05-26,Blue,Digital forensics,Android; IOS,3uTools; ADB,Prepare for mobile acquisition with the challenges and methods used throughout the process.
Flatline,https://tryhackme.com/room/flatline,easy,challenge,120,12706,2022-02-25,Red,Application penetration testing; Privilege escalation,Linux,,How low are your morals?
AD Certificate Templates,https://tryhackme.com/room/adcertificatetemplates,medium,walkthrough,60,12695,2022-02-16,Red,Active Directory pentesting; Red teaming; Security analysis; Vulnerability analysis,Windows,Active Directory Certificate Services; Microsoft Management Console; PSPKIAudit; Rubeus; certutil,Walkthrough on the exploitation of misconfigured AD certificate templates
ConvertMyVideo,https://tryhackme.com/room/convertmyvideo,medium,challenge,75,12676,2020-05-02,Red,Penetration testing; Red teaming,Linux,Burp Suite; Nmap,My Script to convert videos to MP3 is super secure
Do Not Disturb,https://tryhackme.com/room/hh-donotdisturb-84a45644,medium,challenge,60,12621,2026-08-02,Red,Enumeration; Exploitation; Privilege escalation; Web application security,Linux,,"Sign's on the door. Room's active. You have access you were never given, and so does he."
CupidBot,https://tryhackme.com/room/lafb2026e6,easy,challenge,60,12503,2026-02-13,,,,,This AI bot knows more than just love letters.
Plotted-TMS,https://tryhackme.com/room/plottedtms,easy,challenge,40,12436,2022-02-18,Red,Application penetration testing; Penetration testing; Privilege escalation; Red teaming,Linux,Dirbuster; Nmap; searchsploit,Everything here is plotted!
TShark,https://tryhackme.com/room/tshark,medium,walkthrough,60,12429,2021-05-04,Blue,Network traffic analysis,Linux,Wireshark,Learn how to use TShark to accelerate your pcap analysis!
Tony the Tiger,https://tryhackme.com/room/tonythetiger,easy,challenge,45,12368,2020-04-11,Red,Penetration testing; Privilege escalation; Red teaming,Linux; Web,Nmap,Learn how to use a Java Serialisation attack in this boot-to-root
Valenfind,https://tryhackme.com/room/lafb2026e10,medium,challenge,60,12289,2026-02-13,,,,,Can you find vulnerabilities in this new dating app?
Intro To Pwntools,https://tryhackme.com/room/introtopwntools,easy,walkthrough,45,12229,2021-08-24,Red,Exploit development; Penetration testing; Red teaming,Linux; Windows,Checksec; Cyclic,An introductory room for the binary exploit toolkit Pwntools.
Introduction To Honeypots,https://tryhackme.com/room/introductiontohoneypots,medium,walkthrough,60,12168,2021-10-06,Purple,Detection engineering; Incident handling; Security analysis,Linux,,A guided room covering the deployment of honeypots and analysis of botnet activities
Red,https://tryhackme.com/room/redisl33t,easy,challenge,180,12151,2023-07-14,Red,Application penetration testing; Exploit development; Lateral movement; Password attacks; Penetration testing; Port scanning; Red teaming; Reverse shell techniques; User enumeration,Linux,,A classic battle for the ages.
Dumping Router Firmware,https://tryhackme.com/room/rfirmware,medium,walkthrough,75,12115,2020-03-23,Blue,Firmware analysis; Hardware penetration testing; Imaging; Research,,,Have you ever been curious about how your router works? What OS it runs? What makes it tick?
Brute Force Heroes,https://tryhackme.com/room/bruteforceheroes,easy,walkthrough,120,12095,2022-02-09,Red,Application penetration testing; Penetration testing; Red teaming,Linux,Burp Suite; Hashcat; Hydra; Zap,"Walkthrough room to look at the different tools that can be used when brute forcing, as well as the different situations that might favour one tool over another"
Badbyte,https://tryhackme.com/room/badbyte,easy,walkthrough,45,11997,2021-03-12,Red,Network penetration testing; Penetration testing,Linux,,Infiltrate BadByte and help us to take over root.
AI System Reconnaissance,https://tryhackme.com/room/aisystemreconnaissance,medium,walkthrough,90,11969,2026-04-13,Purple,AI Pentesting; Reconnaissance,,Nmap; curl,"Discover AI infrastructure by scanning ML services, frameworks, and extracting metadata from APIs."
Olympus,https://tryhackme.com/room/olympusroom,medium,challenge,1,11965,2022-07-15,Red,Application penetration testing; Penetration testing; Red teaming,Linux; Web,Nmap; SQLMap,My first CTF !
VulnNet: Active,https://tryhackme.com/room/vulnnetactive,medium,challenge,75,11943,2021-07-30,Red,Penetration testing; Port scanning; Red teaming,Linux; Windows,Nmap,VulnNet Entertainment just moved their entire infrastructure... Check this out...
Couch,https://tryhackme.com/room/couch,easy,challenge,45,11932,2021-06-30,Red,Penetration testing; Security analysis,Linux,Nmap,"Hack into a vulnerable database server that collects and stores data in JSON-based document formats, in this semi-guided challenge."
OWASP Mutillidae II,https://tryhackme.com/room/owaspmutillidae,easy,walkthrough,45,11756,2021-01-04,Red,Application penetration testing; Exploitation; Penetration testing; Red teaming,Linux; Web,Gobuster; Hydra; Nmap,"Mutillidae II is a free, open source, deliberately vulnerable web-application providing a target for web-security enthusiast."
Custom Tooling Using Python,https://tryhackme.com/room/customtoolingpython,easy,walkthrough,60,11713,2025-04-22,Red,Application penetration testing; Brute force attacks; Cross-site scripting (XSS); Scripting,Linux; Web,Python,Creating custom tooling for application testing using Python.
macOS Forensics: The Basics,https://tryhackme.com/room/macosforensicsbasics,easy,walkthrough,90,11708,2025-04-02,Blue,Digital forensics,MacOs,dd; diskutil,Learn the basics to prepare for performing forensics on macOS.
b3dr0ck,https://tryhackme.com/room/b3dr0ck,easy,challenge,60,11656,2022-08-26,Red,Penetration testing; Red teaming,Linux; Web,,Server trouble in Bedrock.
BankGPT,https://tryhackme.com/room/bankgpt,easy,challenge,60,11526,2025-11-25,,,,,A customer service assistant used by a banking system.
Windows Incident Surface,https://tryhackme.com/room/winincidentsurface,medium,walkthrough,180,11509,2024-06-26,Blue,Detection engineering; Digital forensics; Incident management; Incident response; Network security engineering; Security analysis; Threat hunting,Windows,,Learn how to implement DFIR techniques to explore the Windows incident surface.
SSTI,https://tryhackme.com/room/learnssti,medium,walkthrough,75,11489,2021-04-13,Purple,Application penetration testing; Penetration testing; Secure coding,Web,,Learn what Server Side Template Injection is and how to exploit it!
Hijack,https://tryhackme.com/room/hijack,easy,challenge,120,11486,2023-10-20,Red,Network penetration testing; Penetration testing; Red teaming,Linux; Web,Ncat,"Misconfigs conquered, identities claimed."
WAF: Introduction,https://tryhackme.com/room/wafintroduction,easy,walkthrough,60,11460,2025-11-17,Red,Firewall evasion; Web application security,Web,curl,Learn about Web Application Firewalls and what differentiates them from other types of firewalls.
SOC L2 Alert Triage,https://tryhackme.com/room/socl2alerttriage,easy,walkthrough,45,11454,2026-07-08,Blue,Security analysis,,,Learn how to triage escalated alerts and respond to cyber threats.
Windows Reversing Intro,https://tryhackme.com/room/windowsreversingintro,medium,walkthrough,60,11451,2021-11-24,Blue,,Windows,Ida Pro,Introduction to reverse engineering x64 Windows software.
Cicada-3301 Vol:1,https://tryhackme.com/room/cicada3301vol1,medium,walkthrough,75,11405,2020-04-30,Blue,Digital forensics,Linux,CyberChef,A basic steganography and cryptography challenge room based on the Cicada 3301 challenges
AttackerKB,https://tryhackme.com/room/attackerkb,easy,walkthrough,45,11389,2020-07-07,Red,Penetration testing; Red teaming; Security analysis; Vulnerability analysis,Linux; Web,Nmap; searchsploit,Learn how to leverage AttackerKB and learn about exploits in your workflow!
ParrotPost: Phishing Analysis,https://tryhackme.com/room/parrotpost,easy,walkthrough,30,11318,2023-07-19,Blue,Digital forensics; Email analysis; Incident response; Malware analysis; Security analysis; Security operations; Threat hunting,Linux,Beautifier; CyberChef; Sublime,Reveal how attackers can craft client-side credential-stealing webpages that evade detection by security tools.
Input Manipulation & Prompt Injection,https://tryhackme.com/room/inputmanipulationpromptinjection,easy,walkthrough,45,11257,2025-11-11,Red,AI Pentesting,Artificial intelligence,,Understand the basics of LLM Prompt Injection attacks.
AI Security Threats,https://tryhackme.com/room/aisecuritythreats,easy,walkthrough,30,10994,2026-07-07,Blue,,Artificial intelligence,,"Explore the vulnerabilities AI introduces, how attackers exploit it, and how defenders fight back."
The Return of the Yeti,https://tryhackme.com/room/adv3nt0fdbopsjcap,hard,challenge,60,10984,2024-01-01,Blue,Digital forensics; Network traffic analysis; Security analysis,,,The Yeti needs a plan for 2023. Help him out!
Jax sucks alot.............,https://tryhackme.com/room/jason,easy,challenge,30,10983,2021-10-08,Red,Application penetration testing; Penetration testing; Privilege escalation,Linux,,In JavaScript everything is a terrible mistake.
Water Bottle,https://tryhackme.com/room/waterbottle,easy,challenge,60,10943,2026-03-31,,,,,Track down a vanished water station using nothing but fragments of memory and OSINT.
FAT32 Analysis,https://tryhackme.com/room/fat32analysis,hard,walkthrough,90,10919,2025-02-05,Blue,Digital forensics; Incident response,Windows,Autopsy,Examine the FAT32 filesystem from a forensic point of view.
Rabbit Store,https://tryhackme.com/room/rabbitstore,medium,challenge,120,10801,2025-02-21,Red,Authentication bypass; Domain enumeration; Enumeration; Exploitation; Penetration testing; Red teaming,Linux,,Demonstrate your web application testing skills and the basics of Linux to escalate your privileges.
Towel on the Sunbed,https://tryhackme.com/room/hh-towelonthesunbed-61271709,medium,challenge,45,10761,2026-08-03,Red,Web application security,Linux,Burp Suite,"Ponzi set his towel down for one 24-hour reward claim. He came back to find the sunbed had been ""claimed"" three times over while he wasn't looking."
IR Playbooks,https://tryhackme.com/room/irplaybooks,easy,walkthrough,60,10523,2024-09-11,Blue,Incident response,Linux,,Learn the basics of creating and using IR playbooks.
Tokyo Ghoul,https://tryhackme.com/room/tokyoghoul666,medium,challenge,75,10492,2021-03-14,Red,Penetration testing; Port scanning; Red teaming,Linux; Web,CyberChef; Gobuster; Nmap,Help kaneki escape jason room
Introduction to Flask,https://tryhackme.com/room/flask,easy,walkthrough,15,10488,2021-01-05,Red,Code review; Exploitation,Web,,How it works and how can I exploit it?
Security Footage,https://tryhackme.com/room/securityfootage,medium,challenge,45,10445,2025-05-09,,,,,Perform digital forensics on a network capture to recover footage from a camera.
TryHeartMe,https://tryhackme.com/room/lafb2026e5,easy,challenge,60,10398,2026-02-13,,,,,Access the hidden item in this Valentine's gift shop.
Polkit: CVE-2021-3560,https://tryhackme.com/room/polkit,info,walkthrough,30,10378,2021-06-29,Red,Penetration testing; Red teaming; Scripting,Linux,,Walkthrough room for CVE-2021-3560
IR Philosophy and Ethics,https://tryhackme.com/room/irphilosophyethics,easy,walkthrough,40,10331,2024-05-15,Blue,Incident response; Security analysis,,,Addressing the Incident Response philosophy.
JPGChat,https://tryhackme.com/room/jpgchat,easy,challenge,45,10327,2021-02-28,Purple,DevSecOps; Penetration testing; Privilege escalation; Secure coding,Linux,,Exploiting poorly made custom chatting service written in a certain language...
Threat Hunting With YARA,https://tryhackme.com/room/threathuntingwithyara,medium,walkthrough,90,10312,2024-11-13,Blue,Detection engineering; Threat hunting,Windows,YARA Rules,This room focuses on using YARA for threat hunting.
Enterprise,https://tryhackme.com/room/enterprise,hard,challenge,120,10253,2021-03-19,Red,Penetration testing,Linux; Web,,You just landed in an internal network. You scan the network and there's only the Domain Controller...
Operation Slither,https://tryhackme.com/room/operationslitherIU,easy,challenge,20,10246,2026-01-30,,,,,Follow the leads and find who's behind this operation.
The Hollow Shell,https://tryhackme.com/room/hh-thehollowshell-ddb582ac,medium,challenge,60,10128,2026-08-05,Red,Enumeration; Exploitation; Web application security,Linux,Nmap,"You find it on the beach: pretty, ordinary, the kind of thing nobody thinks to check. Slip something inside and hold it to your ear."
Insecure Randomness,https://tryhackme.com/room/insecurerandomness,easy,walkthrough,75,10032,2025-01-14,Red,Penetration testing,Web,,Learn how incorrectly configured randomness can lead to application compromise.
PWN101,https://tryhackme.com/room/pwn101,medium,challenge,240,9959,2022-04-29,Red,Buffer overflow exploitation; Exploit development,Linux,,Intermediate level binary exploitation challenges.
Hypervisor Internals,https://tryhackme.com/room/hypervisorinternals,easy,walkthrough,35,9892,2024-08-28,Blue,Security analysis,Linux; Windows,,An introduction to the use of Hypervisors and their internal components.
Flip,https://tryhackme.com/room/flip,easy,challenge,180,9892,2023-06-23,Red,Code review; Exploitation; Penetration testing,Linux,,"Hey, do a flip!"
0x41haz,https://tryhackme.com/room/0x41haz,easy,challenge,60,9813,2022-03-29,Red,Malware analysis; Threat hunting,Linux,,Simple Reversing Challenge
Infinity Pool,https://tryhackme.com/room/hh-infinitypool-5b3548af,medium,challenge,60,9813,2026-08-06,Red,Enumeration; Privilege escalation; Web application security,Linux,Nmap; curl,No visible edge. You trace the network to the horizon and find three systems nobody told you about on the other side.
Intro PoC Scripting,https://tryhackme.com/room/intropocscripting,easy,walkthrough,45,9794,2020-10-23,Red,Application penetration testing; Penetration testing; Red teaming,Linux,Burp Suite; Metasploit Framework; Wireshark; searchsploit,Learn the importance and beginner skills of crafting custom proof of concept (PoC) exploit scripts from many different sources.
CryptoCabana,https://tryhackme.com/room/hh-cryptocabana-f81cac95,medium,challenge,60,9686,2026-08-04,Red,Cloud penetration testing,Azure,,He never signed the transfer. The place he stashed his secret wasn't as sealed as promised.
XDR: Introduction,https://tryhackme.com/room/xdrintroduction,medium,walkthrough,60,9683,2025-04-14,Blue,Incident handling; Incident response,Azure, Microsoft Sentinel,This room will introduce you to the Microsoft Defender XDR portal and how to navigate around the portal.
Atlas,https://tryhackme.com/room/atlas,easy,walkthrough,45,9657,2021-09-29,Red,Application penetration testing; Penetration testing; Red teaming; Security analysis; Vulnerability analysis,Web; Windows,Mimikatz; Nmap; SeatBelt; WinPeas; searchsploit,Hack the Atlas server in this beginner room covering Windows attack methodology!
Management Wants a Word,https://tryhackme.com/room/hh-managementwantsaword-6bf3cc41,hard,challenge,60,9648,2026-08-09,Blue,Digital forensics,Windows,Hashcat,It was always her. It was never a bug; it was the business model.
The Guestbook,https://tryhackme.com/room/hh-theguestbook-0130ffaf,medium,challenge,60,9633,2026-08-08,Red,AI Pentesting; Prompt injection; Web application security,Linux,curl,VERA reads every guestbook entry as an instruction. You write something she really shouldn't act on.
magician,https://tryhackme.com/room/magician,easy,challenge,45,9632,2021-02-21,Red,Application penetration testing; Code review; Port scanning; Scripting,Linux,Burp Suite; Nmap,This magical website lets you convert image file formats
VulnNet,https://tryhackme.com/room/vulnnet1,medium,challenge,75,9606,2021-03-17,Red,Application penetration testing; Exploitation; Penetration testing; Red teaming,Linux; Web,Gobuster; Nmap,Can you take advantage of the misconfigurations made by VulnNet Entertainment?
Android Malware Analysis,https://tryhackme.com/room/androidmalwareanalysis,easy,walkthrough,60,9581,2022-01-19,Blue,Digital forensics; Malware analysis; Mobile penetration testing,Android,Cuckoo Sandbox; Wireshark,Android malware analysis with Pithus (static and hunting)
VulnNet: Node,https://tryhackme.com/room/vulnnetnode,easy,challenge,45,9543,2021-03-26,Red,Application penetration testing; Exploitation; Penetration testing; Red teaming,Linux; Web,Gobuster; Nmap,"After the previous breach, VulnNet Entertainment states it won't happen again. Can you prove they're wrong?"
Registry Persistence Detection,https://tryhackme.com/room/registrypersistencedetection,easy,walkthrough,60,9526,2023-10-10,Blue,Digital forensics; Incident handling; Incident response; Registry forensics; Security analysis; Vulnerability analysis,Windows,AutoRun,Learn to use the AutoRuns PowerShell module to detect persistence mechanisms that use the Registry.
Year of the Jellyfish,https://tryhackme.com/room/yearofthejellyfish,hard,challenge,120,9525,2021-04-23,Red,Application penetration testing; Exploitation; Penetration testing; Privilege escalation,Linux; Web,,Some boxes sting...
Linux Privilege Escalation: Enumeration,https://tryhackme.com/room/linprivenum,easy,walkthrough,60,9509,2026-05-19,Red,Enumeration; Penetration testing; Privilege escalation,Linux,,Gather information about the target host to understand the system for privilege escalation.
Airplane,https://tryhackme.com/room/airplane,medium,challenge,60,9406,2024-06-07,Red,Code review; Privilege escalation; Reverse shell techniques,Linux; Web,,Are you ready to fly?
Anonymous Playground,https://tryhackme.com/room/anonymousplayground,hard,challenge,120,9376,2020-08-13,Red,Application penetration testing; Penetration testing; Red teaming; Security analysis; Vulnerability analysis,Linux; Web,Nmap,Want to become part of Anonymous?  They have a challenge for you.  Can you get the flags and become an operative?
Metasploit: The Basics,https://tryhackme.com/room/metasploitthebasics,medium,walkthrough,60,9349,2026-05-21,Red,Exploitation,Linux; Windows,Metasploit Framework,"Navigate msfconsole, search for modules, configure exploits, and manage sessions on target systems."
After Hours,https://tryhackme.com/room/hh-afterhours-b090d1f0,medium,challenge,60,9344,2026-08-07,Blue,Digital forensics; Incident response; Reverse engineering,Windows,CyberChef; DnSpy; strings utility,Bar closed. Guests asleep. Something on the network just clocked in for a shift off the rotation.
Cloud Security Pitfalls,https://tryhackme.com/room/cloudsecuritypitfalls,easy,walkthrough,30,9323,2026-01-29,Blue,Cloud security engineering,,,"Explore the risks companies face when migrating to the cloud, and learn how to address them in a SOC."
Borderlands,https://tryhackme.com/room/borderlands,hard,challenge,120,9317,2019-10-29,Red,Network penetration testing; Penetration testing; Red teaming,Linux,,Compromise a perimeter host and pivot through this network.
KQL (Kusto): Introduction,https://tryhackme.com/room/kqlkustointroduction,easy,walkthrough,60,9272,2025-03-05,Blue,Incident response; Security analysis; Security operations,Azure,,This room introduces you to Kusto Query Language and provides an overview of Microsoft Sentinel.
Chaining Vulnerabilities,https://tryhackme.com/room/chainingvulnerabilitiesZp,easy,walkthrough,30,9271,2025-09-16,Red,Application penetration testing,Web,Burp Suite,Learn how to chain vulnerabilities! From Low to High!
The Case: Seven Minutes on the Seine,https://tryhackme.com/room/thecasesevenminutesontheseine,easy,challenge,30,9238,2025-11-21,,,,,You are the analyst on call after a hi-vis crew struck the Galerie d'Apollon and fled toward the river. Investigate using only open sources.
Rabbit Hole,https://tryhackme.com/room/rabbitholeqq,hard,challenge,120,9229,2024-10-25,Red,,Linux,,It's easy to fall into rabbit holes.
Breaking RSA,https://tryhackme.com/room/breakrsa,medium,challenge,30,9228,2024-02-16,Red,Penetration testing; Scripting,Linux,,Hop in and break poorly implemented RSA using Fermat's factorization algorithm.
Compromised Windows Analysis,https://tryhackme.com/room/compromisedwindowsanalysis,easy,walkthrough,75,9048,2025-04-09,Blue,Digital forensics; Log analysis,Windows,Event Viewer NEW; LECmd.exe,Learn about some key forensic artifacts and solve an interesting case of a compromised Windows workstation.
Jupyter 101,https://tryhackme.com/room/jupyter101,easy,walkthrough,45,9025,2020-02-06,Blue,Detection engineering; Documentation,Web,Jupyter,A friendly introduction into using the Jupyter Notebook environment. Learn to process and visualise data!
Mindgames,https://tryhackme.com/room/mindgames,medium,challenge,75,8886,2020-06-10,Red,Code review; Port scanning,Linux,Nmap,Just a terrible idea...
RazorBlack,https://tryhackme.com/room/raz0rblack,medium,challenge,75,8842,2021-07-16,Red,Hash cracking; Penetration testing; Privilege escalation; Red teaming; User enumeration,Windows,,These guys call themselves hackers. Can you show them who's the boss ??
Wekor,https://tryhackme.com/room/wekorra,medium,challenge,75,8762,2021-03-07,Red,Domain enumeration; Exploitation,Web,,"CTF challenge involving Sqli , WordPress , vhost enumeration and recognizing internal services ;)"
Introduction to the World of OT/ICS,https://tryhackme.com/room/introductiontotheworldofotics,easy,walkthrough,60,8671,2026-04-16,Blue,Defensive security,ICS/SCADA,,"Learn what Operational Technology (OT) and Industrial Control Systems (ICS) are, and how they function."
Snyk Open Source,https://tryhackme.com/room/snykopensource,easy,walkthrough,60,8519,2024-06-20,Blue,Code review; DevSecOps; Vulnerability analysis; Vulnerability management,,Snyk Open Source,Securing open-source dependencies with Snyk - a junior application security engineer's journey.
Hack Smarter Security,https://tryhackme.com/room/hacksmartersecurity,medium,challenge,180,8513,2024-03-15,Red,Exploitation; Penetration testing; Privilege escalation,Windows,,Can you hack the hackers?
Masterminds,https://tryhackme.com/room/mastermindsxlq,medium,challenge,45,8492,2021-10-07,Blue,Network traffic analysis; OSINT; Packet analysis,Linux,,Practice analyzing malicious traffic using Brim.
Volatility Essentials,https://tryhackme.com/room/volatilityessentials,medium,walkthrough,60,8475,2025-06-16,Blue,Digital forensics; Incident response,Linux; Windows,Volatility,Learn how to perform memory forensics with Volatility!
Introduction to CryptOps,https://tryhackme.com/room/introductiontocryptops,easy,walkthrough,60,8445,2024-07-23,Purple,Cloud security engineering; DevSecOps,Linux,,Key management strategies for DevSecOps.
Legal Considerations in DFIR,https://tryhackme.com/room/dfirprocesslegalconsiderations,medium,walkthrough,60,8380,2024-03-12,Blue,Digital forensics; Evidence preservation; Incident documentation; Incident response,Windows,,Understand the processes involved in DFIR and the legal considerations that guide them.
Inferno,https://tryhackme.com/room/inferno,medium,challenge,75,8318,2021-02-12,Red,Application penetration testing; Penetration testing; Red teaming,Linux; Web,Gobuster; Hydra; Nmap,Real Life machine + CTF. The machine is designed to be real-life (maybe not?) and is perfect for newbies starting out in penetration testing
Hosted Hypervisors,https://tryhackme.com/room/hostedhypervisors,easy,walkthrough,60,8205,2024-09-04,Blue,Digital forensics; Security analysis; Threat hunting,Hypervisor,Volatility,"Learn about Hosted Hypervisors, how to investigate them, and more."
Zeno,https://tryhackme.com/room/zeno,medium,challenge,60,8144,2021-10-22,Red,Application penetration testing; Exploitation; Penetration testing; Privilege escalation,Linux; Web,,Do you have the same patience as the great stoic philosopher Zeno? Try it out!
Deja Vu,https://tryhackme.com/room/dejavu,easy,walkthrough,90,8098,2021-11-17,Red,Exploitation; Privilege escalation,Linux; Web,Burp Suite; Nmap,Exploit a recent code injection vulnerability to take over a website full of cute dog pictures!
CCT2019,https://tryhackme.com/room/cct2019,insane,challenge,180,8047,2020-03-11,Blue,Security analysis; Threat hunting,Linux,Hashcat; Wireshark,Legacy challenges from the US Navy Cyber Competition Team 2019 Assessment sponsored by US TENTH Fleet
Willow,https://tryhackme.com/room/willow,medium,challenge,75,8041,2020-02-28,Red,Exploitation,Linux; Web,,What lies under the Willow Tree?
Peak Hill,https://tryhackme.com/room/peakhill,medium,challenge,75,8026,2020-05-20,Red,Privilege escalation; Red teaming; Reverse shell techniques; Scripting,Linux,CyberChef,Exercises in Python library abuse and some exploitation techniques
Carrotbane of My Existence,https://tryhackme.com/room/sq3-aoc2025-bk3vvbcgiT,medium,challenge,60,7951,2025-12-17,,,,,Hopper’s uprising is just getting started.
The London Bridge,https://tryhackme.com/room/thelondonbridge,medium,challenge,60,7944,2024-09-25,Red,,Linux,,The London Bridge is falling down.
Year of the Dog,https://tryhackme.com/room/yearofthedog,hard,challenge,120,7934,2020-10-30,Red,Exploitation; Penetration testing; Privilege escalation,Linux,,Always so polite...
battery,https://tryhackme.com/room/battery,medium,challenge,75,7887,2021-01-15,Red,Application penetration testing; Penetration testing; Red teaming,Linux; Web,,CTF designed by CTF lover for CTF lovers
Breakme,https://tryhackme.com/room/breakmenu,medium,challenge,160,7885,2024-09-20,Red,,Linux,,"Break this secure system and get the flags, if you can."
Ollie,https://tryhackme.com/room/ollie,medium,challenge,60,7873,2022-04-08,Red,Application penetration testing; Penetration testing; Red teaming,Linux; Web,Nmap; SQLMap,Meet the world's most powerful hacker dog!
BreachBlocker Unlocker,https://tryhackme.com/room/sq4-aoc2025-32LoZ4zePK,hard,challenge,60,7845,2025-12-21,,,,,Hopper needs your help to get the final key to the throne room.
That's The Ticket,https://tryhackme.com/room/thatstheticket,medium,challenge,75,7807,2021-06-08,Red,Penetration testing; Red teaming,Linux,Burp Suite; Gobuster; Hydra; Metasploit Framework; SQLMap,"IT Support are going to have a bad day, can you get into the admin account?"
Crypto Failures,https://tryhackme.com/room/cryptofailures,medium,challenge,60,7772,2025-02-28,Red,,Linux,,Implementing your own military-grade encryption is usually not the best idea.
Develpy,https://tryhackme.com/room/bsidesgtdevelpy,medium,challenge,75,7759,2019-08-27,Red,Penetration testing; Red teaming,Linux,,boot2root machine for FIT and bsides Guatemala CTF
Learn Rust,https://tryhackme.com/room/rust,easy,walkthrough,45,7749,2020-09-16,Purple,Code review; Scripting; Secure coding,,,Learn Rust for someone who knows programming but doesn't know low level programming
Athena,https://tryhackme.com/room/4th3n4,medium,challenge,120,7722,2023-09-15,Red,Penetration testing; Red teaming; Vulnerability analysis,Linux; Web,,Break all security and compromise the machine.
Year of the Owl,https://tryhackme.com/room/yearoftheowl,hard,challenge,120,7702,2020-11-13,Red,Exploitation; Penetration testing; Privilege escalation,Windows,,The foolish owl sits on his throne...
Speed Chatting,https://tryhackme.com/room/lafb2026e4,easy,challenge,60,7644,2026-02-13,,,,,Can you hack as fast as you can chat?
HaskHell,https://tryhackme.com/room/haskhell,medium,challenge,75,7631,2020-06-17,Red,Application penetration testing; Penetration testing; Red teaming,Linux; Web,Gobuster; Nmap,Teach your CS professor that his PhD isn't in security.
Classic Passwd,https://tryhackme.com/room/classicpasswd,medium,challenge,75,7574,2021-02-07,Blue,Digital forensics,Linux,CyberChef,Practice your skills in reversing and get the flag bypassing the login
Cache Me Outside,https://tryhackme.com/room/cachemeoutside,medium,challenge,60,7551,2026-06-05,Blue,OSINT,,,Can you find this ex hacker turned outdoorsman?
WhyHackMe,https://tryhackme.com/room/whyhackme,medium,challenge,30,7527,2024-01-05,Red,Application penetration testing; Exploitation; Penetration testing; Privilege escalation,Linux; Web,,Dive into the depths of security and analysis with WhyHackMe.
Report Writing for SOC L2,https://tryhackme.com/room/reportwritingsocl2,easy,walkthrough,30,7520,2026-03-25,Blue,,,,Explore a vital skill for any senior role in a SOC: report writing.
Preparation,https://tryhackme.com/room/irpreparation,easy,walkthrough,45,7487,2026-06-09,Blue,Incident handling; Incident response,,,Understand the Preparation phase of the Incident Response lifecycle.
Love Letter Locker,https://tryhackme.com/room/lafb2026e2,easy,challenge,60,7469,2026-02-13,,,,,Use your skills to access other users' letters.
Monitoring Active Directory,https://tryhackme.com/room/monitoringactivedirectory,medium,walkthrough,60,7459,2026-03-03,Blue,Detection engineering; Endpoint security monitoring; Identity and access management (IAC); Incident response; Log analysis; Logging; SIEM engineering; Security logging configuration; Security operations; Threat hunting,Active Directory; Windows,Audit Policy NEW; Event Viewer NEW; GPO (Group Policy Objects); Group Policy Management Editor; Splunk,Learn to monitor Active Directory and find anomalies in high-volume logs.
StuxCTF,https://tryhackme.com/room/stuxctf,medium,challenge,75,7430,2019-06-25,Red,Code review; Penetration testing; Red teaming,Linux,Burp Suite; CyberChef; Hydra; Nmap; Wireshark,"Crypto, serealization, priv scalation and more ...!"
Python Playground,https://tryhackme.com/room/pythonplayground,hard,challenge,120,7412,2020-06-07,Red,Code review; Privilege escalation; Red teaming; Reverse shell techniques,Linux,,Be creative!
Break it,https://tryhackme.com/room/breakit,medium,challenge,75,7390,2019-09-14,Purple,Penetration testing; Threat hunting,,,Can you break the code?
Forensics,https://tryhackme.com/room/forensics,hard,challenge,60,7366,2019-05-04,Blue,Digital forensics; Security analysis,,,"This is a memory dump of compromised system, do some forensics kung-fu  to explore the inside."
Annie,https://tryhackme.com/room/annie,medium,challenge,60,7300,2022-07-01,Red,Application penetration testing; Penetration testing; Red teaming; Security analysis; Vulnerability analysis,Linux,AnyDesk; John the Ripper; Nmap,Remote access comes in different flavors.
Empline,https://tryhackme.com/room/empline,medium,challenge,60,7292,2021-09-17,Red,Exploitation,Linux; Web,,Are you good enough to apply for this job?
Threat Hunting: Introduction,https://tryhackme.com/room/threathuntingintroduction,easy,walkthrough,60,7257,2026-07-01,Blue,Threat hunting,,Splunk,"Learn the foundational concepts, approaches, and techniques of threat hunting."
Intro to Detection Engineering,https://tryhackme.com/room/introtodetectioneng,easy,walkthrough,30,7252,2026-05-26,Blue,Detection engineering,,,"Learn what Detection Engineering is, how it works in a SOC, and the mindset required to build effective detections."
Python: Core Concepts,https://tryhackme.com/room/pythoncoreconcepts,easy,walkthrough,60,7233,2026-05-21,Blue; Purple; Red,Scripting,Linux,Python,Build a foundational knowledge of Python core concepts.
Wireless Security,https://tryhackme.com/room/wirelesssecurity,easy,walkthrough,60,7217,2026-05-21,,,,,"Learn how wireless technologies work, the risks they introduce, and how to defend against them."
Different CTF,https://tryhackme.com/room/adana,hard,challenge,120,7205,2021-04-16,Red,Penetration testing; Red teaming; Security analysis; Vulnerability analysis,Linux; Web,Gobuster; Nmap; dirb; stegcracker,"interesting room, you can shoot the sun"
The Impossible Challenge,https://tryhackme.com/room/theimpossiblechallenge,medium,challenge,75,7186,2020-05-11,Red,Red teaming,Linux; Windows,CyberChef,‌‌‌‌‍﻿‌‌Hmm‌‌‌‌‍‬‌‍‌‌‌‌‍﻿‌﻿‌‌‌‌‍﻿‌﻿‌‌‌‌‍﻿‍﻿‌‌‌‌‍‬﻿﻿‌‌‌‌‍﻿‌‬‌‌‌‌‍‬‍‌‌‌‌‌‌‬‌‌‌‌‌‌‍‬‬‍‌‌‌‌‍﻿‌﻿‌‌‌‌‌‬‌‌‌‌‌‌‍‬‬‌‌‌‌‌‍‬‌‍‌‌‌‌‍‬‬‌‌‌‌‌‍‬‌‍‌‌‌‌‍‬‍‍‌‌‌‌‍﻿‬‬‌‌‌‌‍﻿‌‌‌‌‌‌‍﻿‬‬
Year of the Pig,https://tryhackme.com/room/yearofthepig,hard,challenge,120,7180,2020-10-09,Red,Application penetration testing; Exploitation; Penetration testing; Privilege escalation,Linux; Web,,Some pigs do fly...
Revenge,https://tryhackme.com/room/revenge,medium,challenge,75,7159,2020-10-11,Red,Password cracking; Privilege escalation; Red teaming,Linux,,You've been hired by Billy Joel to get revenge on Ducky Inc...the company that fired him.  Can you break into the server and complete your mission?
Cupid's Matchmaker,https://tryhackme.com/room/lafb2026e3,easy,challenge,60,7158,2026-02-13,,,,,Use your web exploitation skills against this matchmaking service.
Chrome,https://tryhackme.com/room/chrome,hard,challenge,180,7156,2024-03-01,Blue,Cryptography; Debugging; Digital forensics; Encryption; Hash cracking; Incident response; Network traffic analysis; Packet analysis,Linux; Windows,,Let us place all of our trust in a password manager.
CMSpit,https://tryhackme.com/room/cmspit,medium,challenge,75,7150,2021-07-30,Red,Penetration testing; Red teaming,Linux,Empire; Metasploit Framework; Nmap,This is a machine that allows you to practise web app hacking and privilege escalation using recent vulnerabilities.
CVE-2026-42945: Nginx Rift,https://tryhackme.com/room/cve202642945,easy,walkthrough,30,7128,2026-05-25,Purple,Privilege escalation,Linux,,"Exploit NGINX Rift, an unauthenticated heap overflow RCE in NGINX's rewrite module since 2008."
Hip Flask,https://tryhackme.com/room/hipflask,medium,walkthrough,180,7054,2021-09-10,Purple,Application penetration testing; Penetration testing; Red teaming,Linux,Nessus; Nikto; Nmap,An in-depth walkthrough covering pentest methodology against a vulnerable server
Snowy ARMageddon,https://tryhackme.com/room/armageddon2r,insane,challenge,60,7048,2024-01-01,Red,Application penetration testing; Exploit development; Exploitation; Penetration testing,Linux; Web,,Assist the Yeti in breaching the cyber police perimeter!
Dear QA,https://tryhackme.com/room/dearqa,easy,challenge,60,7042,2022-02-04,Red,Buffer overflow exploitation,Linux,,Are you able to solve this challenge involving reverse engineering and exploit development?
Prioritise,https://tryhackme.com/room/prioritise,medium,challenge,25,7039,2023-05-12,Red,Application penetration testing; Exploit development; Penetration testing; Red teaming; Scripting,Web,,In this challenge you will explore some less common SQL Injection techniques.
Eavesdropper,https://tryhackme.com/room/eavesdropper,medium,challenge,60,7037,2023-02-03,Red,Exploit development; Lateral movement; Password attacks; Penetration testing; Red teaming; Scripting,Linux,,"Listen closely, you might hear a password!"
REvil Corp,https://tryhackme.com/room/revilcorp,medium,challenge,45,7032,2021-11-18,Blue,Incident handling; Incident response; Malware analysis; Static malware analysis,Windows,,You are involved in an incident response engagement and need to analyze an infected host using Redline.
Volt Typhoon,https://tryhackme.com/room/volttyphoon,medium,challenge,90,6989,2025-05-16,Blue,Incident handling; Incident management; Incident response; SIEM engineering; Security operations,Linux; Windows,Splunk,Investigate a suspected intrusion by the notorious APT group Volt Typhoon.
Extracted,https://tryhackme.com/room/extractedroom,medium,challenge,90,6954,2024-10-16,Blue,Code review; Digital forensics,Linux; Windows,,We need your help!
CyberCrafted,https://tryhackme.com/room/cybercrafted,medium,challenge,120,6951,2021-11-19,Red,Exploitation,Linux; Web,,Pwn this pay-to-win Minecraft server!
Mnemonic,https://tryhackme.com/room/mnemonic,medium,challenge,75,6925,2020-09-27,Red,Penetration testing; Port scanning; Red teaming,Linux,Dirbuster; John the Ripper; Nmap,I hope you have fun.
Adventure Time,https://tryhackme.com/room/adventuretime,hard,challenge,120,6838,2019-09-22,Red,Application penetration testing; Penetration testing; Red teaming; Security analysis; Vulnerability analysis,Linux; Web,Nmap,A CTF based challenge to get your blood pumping...
One Piece,https://tryhackme.com/room/ctfonepiece65,medium,challenge,75,6828,2020-09-20,Red,Penetration testing; Red teaming,Linux,Metasploit Framework; Nmap,A CTF room based on the wonderful manga One Piece. Can you become the Pirate King?
Defensive Security Trends,https://tryhackme.com/room/defensivesecuritytrends,easy,walkthrough,45,6712,2026-06-26,Blue,Defensive security; Threat intelligence,,,Explore the modern security landscape and learn from emerging trends.
NoScope: Finding RCE,https://tryhackme.com/room/noscoperce,medium,walkthrough,60,6675,2026-07-01,Red,AI Pentesting; Web application security,Web,Python,NoScope found an Alf.io RCE zero-day (CVE-2026-35482). Exploit it manually and watch AI solve it.
Snyk Code,https://tryhackme.com/room/snykcode,easy,walkthrough,60,6673,2024-06-20,Blue,DevSecOps; Vulnerability analysis; Vulnerability management,,Snyk Code,Securing code with Snyk - a junior application security engineer's journey.
Corp Website,https://tryhackme.com/room/lafb2026e7,medium,challenge,60,6663,2026-02-13,,,,,lafb2026-e7
Squid Game,https://tryhackme.com/room/squidgameroom,hard,challenge,130,6583,2021-11-11,Blue,Code review; Static malware analysis,Linux,CyberChef,오징어 게임
Block,https://tryhackme.com/room/blockroom,medium,challenge,120,6578,2024-08-09,Blue,Digital forensics,Linux; Windows,,Encryption? What encryption?
VulnNet: Endgame,https://tryhackme.com/room/vulnnetendgame,medium,challenge,90,6502,2022-09-09,Red,Application penetration testing; Exploitation; Penetration testing; Red teaming,Linux; Web,Gobuster; Nikto; Nmap; SQLMap,Hack your way into this simulated vulnerable infrastructure. No puzzles. Enumeration is the key.
Cluster Hardening,https://tryhackme.com/room/clusterhardening,medium,walkthrough,30,6474,2024-06-25,Blue,Security operations,,Kube-bench; Kubelet,Learn initial security considerations when creating a Kubernetes cluster.
biteme,https://tryhackme.com/room/biteme,medium,challenge,60,6454,2022-03-11,Red,Application penetration testing; Penetration testing; Red teaming,Linux; Web,,Stay out of my server!
Dev Diaries,https://tryhackme.com/room/devdiaries,easy,challenge,30,6434,2026-03-17,,,,,Hunt through online development traces to uncover what was left behind.
Robots,https://tryhackme.com/room/robots,hard,challenge,120,6433,2025-03-14,Red,Application penetration testing; Exploit development; Network penetration testing; Penetration testing; Red teaming,Linux,,A (small) tribute to I. Asimov.
Signed Messages,https://tryhackme.com/room/lafb2026e8,medium,challenge,60,6397,2026-02-13,,,,,"Their messages are secret, unless you find the key."
Vectara,https://tryhackme.com/room/vectara,easy,challenge,60,6349,2026-05-14,,,,,A collection of beginner and easy difficulty challenges available as part of our public 2026: An AI Odyssey CTF event.
The Server From Hell,https://tryhackme.com/room/theserverfromhell,medium,challenge,75,6344,2020-11-01,Red,Exploitation; Penetration testing; Port scanning; Red teaming,Linux,Nmap,Face a server that feels as if it was configured and deployed by Satan himself. Can you escalate to root?
NerdHerd,https://tryhackme.com/room/nerdherd,medium,challenge,75,6309,2020-10-28,Red,Code review; Exploit development,Linux,Dirbuster; Metasploit Framework; Nmap,"Hack your way into this easy/medium level legendary TV series ""Chuck"" themed box!"
Recovery,https://tryhackme.com/room/recovery,medium,challenge,75,6217,2020-07-31,Purple,Exploitation; Lateral movement; Privilege escalation,Linux,,Not your conventional CTF
Host-Server Configuration Reviews,https://tryhackme.com/room/hostserverconfigurationreviews,easy,walkthrough,60,6207,2026-05-21,Red,Hardening,Linux; Windows,Python,Learn the basics of host-server configuration reviews.
CVE-2026-46300: Fragnesia,https://tryhackme.com/room/cve202646300,easy,walkthrough,30,6146,2026-05-25,Purple,Privilege escalation,Linux,,"Exploit Fragnesia, an LPE that surfaced due to dirtyfrag's patch."
Microservices Architectures,https://tryhackme.com/room/microservicearchitectures,easy,walkthrough,45,6143,2024-08-13,Blue,DevSecOps,Kubernetes,kubectl,Explore the problems associated with building a Microservice Architecture and how to overcome these to build a secure environment.
Linux Function Hooking,https://tryhackme.com/room/linuxfunctionhooking,medium,walkthrough,75,6092,2021-07-13,Purple,Code review; Penetration testing,Linux,,Learn about function hooking in Linux and have fun hooking functions
Kitty,https://tryhackme.com/room/kitty,medium,challenge,120,6040,2024-02-02,Red,Exploitation; Penetration testing; Privilege escalation; Scripting,Linux,,"Map? Where we are going, we don't need maps."
TryHack3M: Sch3Ma D3Mon,https://tryhackme.com/room/sch3mad3mon,medium,walkthrough,90,6022,2024-04-15,Purple,Network traffic analysis,Linux; Web,,A guided challenge to learn about SQL injection exploits.
harder,https://tryhackme.com/room/harder,medium,challenge,75,6011,2020-08-15,Red,Application penetration testing; Penetration testing; Red teaming,Linux; Web,Gobuster; Nmap,Real pentest findings combined
DLL HIJACKING,https://tryhackme.com/room/dllhijacking,medium,walkthrough,75,5985,2020-11-03,Red,Exploitation; Privilege escalation,Windows,Empire - NEW; Evil-winrm,DLL HIJACKING with Invoke-PrintDemon
Lunizz CTF,https://tryhackme.com/room/lunizzctfnd,medium,challenge,75,5984,2021-02-24,Red,Application penetration testing; Directory enumeration; Exploit development; Lateral movement; Network penetration testing; Penetration testing; Port scanning; Red teaming,Linux,,Lunizz CTF
macOS Forensics: Artefacts,https://tryhackme.com/room/macosforensicsartefacts,hard,walkthrough,120,5973,2025-04-16,Blue,Digital forensics,MacOs,plistutils,Understand the forensic artefacts in macOS and learn to leverage them for forensic analysis.
M365 Monitoring Basics,https://tryhackme.com/room/m365monitoringbasics,medium,walkthrough,45,5923,2026-03-10,Blue,Log analysis,Azure,Entra ID; Splunk,Learn the importance of Entra ID and M365 in modern SOC environments and explore their logs.
Madeye's Castle,https://tryhackme.com/room/madeyescastle,medium,challenge,75,5921,2021-01-31,Red,Application penetration testing; Hash cracking; Port scanning,Linux,Burp Suite; Hashcat; Nmap; SQLMap,A boot2root box that is modified from a box used in CuCTF by the team at Runcode.ninja
APT28 Inception Theory,https://tryhackme.com/room/apt28inceptiontheory,medium,walkthrough,60,5913,2025-05-14,Blue; Purple,Adversary emulation; Incident handling; Incident response; Threat hunting,Windows,Cobalt Strike; PowerShell,"Dive into the world of Fancy Bear, a Russian cyber espionage group, and explore their tactics and techniques."
You're in a cave,https://tryhackme.com/room/inacave,insane,challenge,180,5791,2020-11-18,Red,Penetration testing; Red teaming,Linux,Nmap,A room with some ctf elements inspired in text based RPGs
KoTH Hackers,https://tryhackme.com/room/kothhackers,medium,challenge,75,5789,2020-06-18,Red,Application penetration testing; Penetration testing; Privilege escalation,Linux,,"The Hackers KoTH box, to allow you to practice alone!"
Insekube,https://tryhackme.com/room/insekube,easy,walkthrough,120,5787,2022-02-23,Red,DevSecOps; Penetration testing; Red teaming,,,Exploiting Kubernetes by leveraging a Grafana LFI vulnerability
Backtrack,https://tryhackme.com/room/backtrack,medium,challenge,150,5692,2024-10-11,Red,,Linux,,Daring to set foot where no one has.
Have a Break,https://tryhackme.com/room/haveabreak,medium,challenge,45,5663,2026-04-03,Blue,Email analysis; Log correlation; OSINT,Linux,CyberChef; VirusTotal,Can you help us uncover the mystery behind the KitKat heist?
DevSecOps Basics,https://tryhackme.com/room/devsecopsbasics,medium,walkthrough,120,5648,2026-05-21,Purple,DevSecOps,,,"Learn about the story of DevSecOps, Software Development Models & Shifting Left."
Debug,https://tryhackme.com/room/debug,medium,challenge,75,5617,2021-03-30,Red,Exploitation; Security analysis,Linux; Web,,"Linux Machine CTF! You'll learn about enumeration, finding hidden password files and how to exploit php deserialization!"
Jacob the Boss,https://tryhackme.com/room/jacobtheboss,medium,challenge,75,5599,2020-09-06,Red,Application penetration testing; Penetration testing,Linux,,Find a way in and learn a little more.
Agent Design,https://tryhackme.com/room/agentdesign,easy,walkthrough,45,5538,2026-08-11,Blue,AI Pentesting,Artificial intelligence,Python,"Design a safe AI agent by defining its scope, tools, oversight, stop conditions, and output."
Dunkle Materie,https://tryhackme.com/room/dunklematerieptxc9,medium,challenge,45,5534,2021-08-30,Blue,Malware analysis; Security analysis,Windows,ProcDOT,Investigate the ransomware attack using ProcDOT.
Sea Surfer,https://tryhackme.com/room/seasurfer,hard,challenge,90,5511,2022-06-17,Red,Lateral movement; Penetration testing; Privilege escalation; Red teaming,Linux,,Ride the Wave!
Mayhem,https://tryhackme.com/room/mayhemroom,medium,challenge,60,5505,2025-04-18,Blue,Digital forensics; Malware analysis,Windows,Ghidra; Wireshark,Can you find the secrets inside the sea of mayhem?
Sweettooth Inc.,https://tryhackme.com/room/sweettoothinc,medium,challenge,75,5481,2021-07-23,Red,Code review; Penetration testing; Red teaming,Linux,Burp Suite; CyberChef; ffuf,Sweettooth Inc. needs your help to find out how secure their system is!
CVE-2026-31431: Copy-Fail,https://tryhackme.com/room/cve202631341,easy,walkthrough,30,5434,2026-05-08,,,,,"Exploit copy-fail, a kernel LPE that corrupts any file's page cache to gain root in seconds."
Profiles,https://tryhackme.com/room/profilesroom,medium,challenge,120,5416,2024-05-10,Blue,Digital forensics; Security analysis,Linux,,No profile? No problem.
ContainMe,https://tryhackme.com/room/containme1,medium,challenge,60,5411,2021-11-12,Red,Penetration testing; Red teaming,Linux,Nmap,Where am I ? Catch me
Crocc Crew,https://tryhackme.com/room/crocccrew,insane,challenge,180,5402,2021-08-13,Red,Cloud penetration testing; Penetration testing; Vulnerability analysis,Linux,BloodHound; Nmap; Responder,Crocc Crew has created a backdoor on a Cooctus Corp Domain Controller.  We're calling in the experts to find the real back door!
Frosteau Busy with Vim,https://tryhackme.com/room/busyvimfrosteau,insane,challenge,120,5344,2024-01-01,Red,Exploitation; Penetration testing; Privilege escalation,Linux,,Stay frosty!
Detection and Analysis,https://tryhackme.com/room/detectionandanalysis,medium,walkthrough,60,5263,2026-06-10,Blue,Incident response,,Splunk,Understand the Detection and Analysis phase of the Incident Response Lifecycle.
Agent Discovery,https://tryhackme.com/room/agentdiscovery,easy,walkthrough,30,5204,2026-08-04,Blue,AI Pentesting,Artificial intelligence,Python,"Compare traditional workflows, AI workflows, assistants, and agents for a security-alert problem."
Clocky,https://tryhackme.com/room/clocky,medium,challenge,300,5160,2024-03-29,Red,Penetration testing,Web,,Time is an illusion.
Umbrella,https://tryhackme.com/room/umbrella,medium,challenge,90,5139,2024-01-19,Red,Application penetration testing; Code review; Penetration testing; Privilege escalation,Linux; Web,,Breach Umbrella Corp's time-tracking server by exploiting misconfigurations around containerisation.
Entra ID Monitoring,https://tryhackme.com/room/entraidmonitoring,medium,walkthrough,60,5129,2026-03-12,Blue,Log analysis; Threat hunting,,Entra ID; Splunk,Learn the main threats and defenses in Entra ID environments and how to detect them.
Super Secret TIp,https://tryhackme.com/room/supersecrettip,medium,challenge,40,5128,2023-09-22,Red,Lateral movement; Penetration testing; Red teaming; Scripting,Linux,,Are you only good at one thing? You better be a matrix!
APIWizards Breach,https://tryhackme.com/room/apiwizardsbreach,medium,walkthrough,90,5090,2024-08-02,Blue,,Linux,,Investigate a security breach at APIWizards Inc.
Directory,https://tryhackme.com/room/directorydfirroom,hard,challenge,120,5048,2025-07-18,Blue,Digital forensics; Incident handling; Incident response; Vulnerability analysis,,,Do you have what it takes to crack this case?
Uranium CTF,https://tryhackme.com/room/uranium,hard,challenge,120,5037,2021-08-20,Red,Penetration testing; Phishing; Red teaming,Linux,Nmap,Uranium CTF
Iron Corp,https://tryhackme.com/room/ironcorp,hard,challenge,120,5034,2020-05-03,Red,Penetration testing; Red teaming,Linux,Burp Suite; Nmap; wfuzz,Can you get access to Iron Corp's system?
CherryBlossom,https://tryhackme.com/room/cherryblossom,hard,challenge,120,5028,2020-02-21,Red,Penetration testing; Red teaming,Linux,Hydra; Nmap,Boot-to-root with emphasis on crypto and password cracking.
Unstable Twin,https://tryhackme.com/room/unstabletwin,medium,challenge,75,5025,2021-04-30,Red,Application penetration testing; Penetration testing; Red teaming,Linux; Web,Gobuster; Nmap,"A Services based room, extracting information from HTTP Services and finding the hidden messages."
WWBuddy,https://tryhackme.com/room/wwbuddy,medium,challenge,75,4974,2020-09-01,Red,Application penetration testing; Exploitation; Port scanning,Web,,Exploit this website still in development and root the room.
EnterPrize,https://tryhackme.com/room/enterprize,hard,challenge,120,4971,2021-01-08,Red,Penetration testing,Linux; Web,,Can you hack your way in?
Lockdown,https://tryhackme.com/room/lockdown,medium,challenge,75,4949,2021-10-01,Red,Directory enumeration; Exploit development; Lateral movement; Network penetration testing; Penetration testing; Port scanning; Red teaming; Vulnerability analysis,,,Stay at 127.0.0.1. Wear a 255.255.255.0.
JVM Reverse Engineering,https://tryhackme.com/room/jvmreverseengineering,medium,challenge,75,4936,2020-05-17,Blue,,,,Learn Reverse Engineering for Java Virtual Machine bytecode
REloaded,https://tryhackme.com/room/reloaded,hard,challenge,120,4931,2021-02-26,Blue,,,,"This room is dedicated for the RE challenges, each challenge has unique concepts divided in each binaries. As if now only phase 1 is added will decide about phase 2 on response. Developed by WhiteHeart and tested by IslaMukheef"
Kubernetes for Everyone,https://tryhackme.com/room/kubernetesforyouly,medium,challenge,60,4918,2022-05-06,Red,Application penetration testing; DevSecOps,Linux,,A Kubernetes hacking challenge for DevOps/SRE enthusiasts.
Cactus,https://tryhackme.com/room/cactus,medium,walkthrough,60,4909,2023-11-21,Red,Detection engineering; Penetration testing; Vulnerability analysis,Linux,Burp Suite; Suricata,Bypass authentication and execute commands remotely on Cacti using CVE-2022-46169.
K8s Best Security Practices,https://tryhackme.com/room/k8sbestsecuritypractices,medium,walkthrough,60,4890,2024-07-16,Blue,Application security engineering; DevSecOps; System administration,Linux,,Best Kubernetes security practices at a cluster level.
The Bandit Surfer,https://tryhackme.com/room/surfingyetiiscomingtotown,hard,challenge,120,4876,2024-01-01,Red,Exploitation; Penetration testing; Privilege escalation,Linux,,The Bandit Yeti is surfing to town.
When Hearts Collide,https://tryhackme.com/room/lafb2026e1,medium,challenge,60,4833,2026-02-13,,,,,Will you find your MD5 match?
Ghizer,https://tryhackme.com/room/ghizerctf,medium,challenge,75,4826,2020-09-04,Red,Privilege escalation; Reverse shell techniques,,,lucrecia has installed multiple web applications on the server.
Session Forensics,https://tryhackme.com/room/sessionforensics,medium,walkthrough,60,4779,2025-09-02,Blue,Application security engineering; Memory forensics; Web application security,Web,API Logger; API Monitor; Python,Analyse sessions and tokens for web application investigations.
Unbaked Pie,https://tryhackme.com/room/unbakedpie,medium,challenge,75,4749,2020-12-02,Red,Application penetration testing; Exploitation; Penetration testing; Red teaming,Linux; Web,Hydra; Nmap,Don't over-baked your pie!
K8s Runtime Security,https://tryhackme.com/room/k8sruntimesecurity,medium,walkthrough,60,4749,2024-09-10,Blue,DevSecOps,Kubernetes,kubectl,Secure a Kubernetes environment using in-house offerings and runtime security tools like Falco.
Attacking ICS Plant #2,https://tryhackme.com/room/attackingics2,medium,challenge,75,4744,2021-03-21,Red,Application penetration testing; Red teaming; Security analysis; Vulnerability analysis,Linux; Web,curl,Discover and attack ICS plants using modbus protocol (Modicon / Schneider Electric).
M4tr1x: Exit Denied,https://tryhackme.com/room/m4tr1xexitdenied,hard,challenge,120,4730,2021-04-18,Red,Application penetration testing; Directory enumeration; Lateral movement; Network penetration testing; Port scanning; Red teaming; Vulnerability analysis,Linux,,Free your mind. Exit from the M4tr1x...
Binary Heaven,https://tryhackme.com/room/binaryheaven,medium,challenge,75,4719,2021-05-07,Red,Exploit development; Malware analysis,,,Let us enjoy the heaven of binaries
Minotaur's Labyrinth,https://tryhackme.com/room/labyrinth8llv,medium,challenge,120,4707,2021-11-05,Red,Penetration testing; Privilege escalation; Reverse shell techniques,Linux,,The Minotaur threw a fit and captured some people in the Labyrinth. Are you able to help Daedalus free them?
hc0n Christmas CTF,https://tryhackme.com/room/hc0nchristmasctf,hard,challenge,120,4700,2019-12-10,Red,Application penetration testing; Penetration testing; Red teaming,Linux; Web,Gobuster; Nmap,hackt the planet
New York Flankees,https://tryhackme.com/room/thenewyorkflankees,medium,challenge,180,4663,2024-07-12,Red,Privilege escalation,,,"Can you, the rogue adventurer, break through Stefan's defences to take control of his blog!"
Fusion Corp,https://tryhackme.com/room/fusioncorp,hard,challenge,120,4637,2021-06-15,Red,Exploitation; Penetration testing; User enumeration,Active Directory; Windows,,Fusion Corp said they got everything patched... did they?
Super-Spam,https://tryhackme.com/room/superspamr,medium,challenge,75,4586,2021-08-06,Blue,Email analysis; Phishing,Linux,Phishtool,"Defeat the evil Super-Spam, and save the day!!"
The Blob Blog,https://tryhackme.com/room/theblobblog,medium,challenge,75,4584,2020-09-02,Red,Code review; Penetration testing; Red teaming,Linux,CyberChef; Nmap,Successfully hack into bobloblaw's computer
"Fools Mate, Revenge",https://tryhackme.com/room/foolsm8v2,medium,challenge,60,4551,2026-07-03,Red,Enumeration; Exploitation; Web application security,Linux,Burp Suite; Nmap; curl,Do you have what it takes to defeat me and claim your prize?
Undiscovered,https://tryhackme.com/room/undiscoveredup,medium,challenge,75,4513,2020-10-23,Red,Application penetration testing; Password cracking; Penetration testing; Red teaming,Linux; Web,Gobuster; Hydra; Nmap; wfuzz,"Discovery consists not in seeking new landscapes, but in having new eyes.."
SafeZone,https://tryhackme.com/room/safezone,medium,challenge,75,4498,2021-03-28,Red,Penetration testing; Privilege escalation; Red teaming; Reverse shell techniques,Linux,,CTF Designed by CTF lover for CTF lovers
Cooctus Stories,https://tryhackme.com/room/cooctusadventures,medium,challenge,75,4472,2021-04-14,Red,Penetration testing; Red teaming,Linux,Nmap,This room is about the Cooctus Clan
Hacking Hadoop,https://tryhackme.com/room/hackinghadoop,hard,walkthrough,180,4457,2022-03-02,Red,Application security engineering; Information gathering; System administration,Linux,,Learning about the security failings commonly seen in Hadoop
Operation Endgame,https://tryhackme.com/room/operationendgame,hard,challenge,60,4443,2026-02-27,Red,Lateral movement,Windows,,This challenge will focus on exploiting an Active Directory environment.
Dave's Blog,https://tryhackme.com/room/davesblog,hard,challenge,120,4414,2020-06-26,Red,Exploitation; Penetration testing,Linux; Web,,My friend Dave made his own blog!
Obscure,https://tryhackme.com/room/obscured,medium,challenge,120,4376,2023-04-28,Red,Exploitation; Penetration testing; Privilege escalation,Linux,,A CTF room focused on web and binary exploitation.
For Business Reasons,https://tryhackme.com/room/forbusinessreasons,hard,challenge,120,4326,2020-09-18,Red,Exploitation; Port scanning; Privilege escalation; Reverse shell techniques,Linux; Web,,"In your network scan, you found an unknown VM...."
Aster,https://tryhackme.com/room/aster,medium,challenge,75,4285,2020-09-25,Red,Application penetration testing; Penetration testing; Red teaming; Security analysis; Vulnerability analysis,Linux; Web,Asterisk Call Manager; Nmap,Hack my server dedicated for building communications applications.
VulnNet: dotpy,https://tryhackme.com/room/vulnnetdotpy,medium,challenge,75,4282,2021-04-07,Red,Application penetration testing; Penetration testing; Red teaming,Linux; Web,Nmap,VulnNet Entertainment is back with their brand new website... and stronger?
Fortress,https://tryhackme.com/room/fortress,medium,challenge,60,4270,2021-09-03,Red,Code review; Exploit development; Port scanning; Privilege escalation,Linux; Web,,Hack this machine and reclaim the fortress from the Evil Overlord!
Spring,https://tryhackme.com/room/spring,hard,challenge,45,4213,2020-08-19,Red,Penetration testing; Red teaming,Linux,Gobuster; Nmap,Can you hack your way in to a Hello World application?
ret2libc,https://tryhackme.com/room/ret2libc,medium,walkthrough,90,4205,2022-01-26,Red,Buffer overflow exploitation; Debugging; Dynamic malware analysis; Static malware analysis,Linux,Ghidra; Pwntools NEW,"This room teaches basic return-oriented programming (ROP), exploitation of binaries and an ASLR bypass."
Moebius,https://tryhackme.com/room/moebius,hard,challenge,90,4201,2025-04-25,Red,Application penetration testing,Linux,,"A place where you start at some point, and you have to go back to it in the end."
Metamorphosis,https://tryhackme.com/room/metamorphosis,medium,challenge,75,4173,2021-07-20,Red,Application penetration testing; Packet analysis; Penetration testing; Privilege escalation,Linux,Dirbuster; Nmap; Wireshark,Part of Incognito CTF
Hamlet,https://tryhackme.com/room/hamlet,medium,challenge,120,4146,2022-01-14,Red,Application penetration testing; Brute force attacks; Privilege escalation; Reverse shell techniques,Linux,,A Shakespeare/Hamlet-inspired room in which you will explore an uncommon web application used in linguistic/NLP research.
IR Timeline Analysis,https://tryhackme.com/room/dfirtimelineanalysis,medium,walkthrough,60,4145,2024-05-22,Blue,Digital forensics; Timeline analysis,Linux,Autospy; Plaso,Learn about timeline analysis using various tools and scenarios.
Mountaineer,https://tryhackme.com/room/mountaineerlinux,hard,challenge,150,4109,2024-10-18,Red,,Linux,,Will you find the flags between all these mountains?
Lumberjack Turtle,https://tryhackme.com/room/lumberjackturtle,medium,challenge,60,4059,2022-01-21,Red,Application penetration testing; Directory enumeration; Exploit development; Lateral movement; Network penetration testing; Penetration testing; Port scanning; Red teaming,,,"No logs, no crime... so says the lumberjack."
Defensive Security Intro,https://tryhackme.com/room/dsicyber1013n3,easy,walkthrough,20,4056,2026-01-01,,,,,"Introducing defensive security, where you will investigate an ongoing attack at FakeBank"
Racetrack Bank,https://tryhackme.com/room/racetrackbank,hard,challenge,120,4042,2020-05-08,Red,Exploit development; Penetration testing; Privilege escalation; Red teaming,Linux,,It's time for another heist.
Chronicle,https://tryhackme.com/room/chronicle,medium,challenge,75,3983,2021-08-06,Red,Penetration testing; Red teaming,Linux,Burp Suite; Nmap,Part of Incognito CTF
Rocket,https://tryhackme.com/room/rocket,hard,challenge,60,3950,2021-07-22,Red,Network penetration testing; Privilege escalation; Red teaming; Reverse shell techniques; Subdomain enumeration,Linux,,Get ready for blast off!
Plant Photographer,https://tryhackme.com/room/plantphotographer,hard,challenge,60,3949,2026-03-27,Red,,,,Dig deeper and try to uncover the flag hidden behind the scenes.
Capture Returns,https://tryhackme.com/room/capturereturns,hard,challenge,240,3945,2024-04-19,Red,Exploitation; Penetration testing,Linux; Web,,The developers have improved their login form since last time. Can you bypass it?
Theseus,https://tryhackme.com/room/theseus,insane,challenge,180,3898,2020-08-30,Red,Exploitation; Penetration testing; Red teaming,Linux,Nmap,The first installment of the SuitGuy series of very hard challenges.
Forgotten Implant,https://tryhackme.com/room/forgottenimplant,medium,challenge,180,3892,2023-07-28,Red,Exploitation; Penetration testing; Privilege escalation; Red teaming,Linux,,"With almost no attack surface, you must use a forgotten C2 implant to get initial access."
Exploring Wazuh,https://tryhackme.com/room/exploringwazuh,medium,walkthrough,60,3871,2026-08-13,Blue,Log analysis; SIEM engineering; Security analysis,Linux; Windows,Wazuh,Explore Wazuh: an all-in-one and free security solution.
Grand Larceny Auto,https://tryhackme.com/room/grandlarcenyauto,medium,challenge,60,3870,2026-07-24,Blue,Code review; Debugging; Enumeration,Windows,DnSpy,Reverse-engineer a small 3D crime game to break into a vault the developers made unreachable.
Cold VVars,https://tryhackme.com/room/coldvvars,medium,challenge,75,3816,2021-07-09,Red,Penetration testing; Red teaming,Linux,Burp Suite; Nmap,Part of Incognito CTF
Grand Larceny Auto II,https://tryhackme.com/room/grandlarcenyautoii,medium,challenge,60,3815,2026-08-14,Blue,Code review; Debugging,Linux,Burp Suite; ILSpy,"The sequel that shipped, with a vault the developers made that you can't just decompile your way into."
Web Frameworks: Code Review,https://tryhackme.com/room/webframeworkscodereview,medium,walkthrough,60,3805,2026-07-06,Red,Code review; SQL injection; Web application security,Docker; Web,curl,"Read web app source like an attacker: trace user input to dangerous sinks, triage with Semgrep."
Race Conditions Challenge,https://tryhackme.com/room/raceconditions,medium,challenge,180,3763,2023-06-09,Red,Code review; Exploitation; Lateral movement; Penetration testing; Red teaming; Scripting,Linux,,Knock knock! Race condition. Who's there?
toc2,https://tryhackme.com/room/toc2,medium,challenge,75,3721,2020-10-04,Red,Penetration testing; Privilege escalation; Red teaming,Linux; Web,Gobuster; Hydra; Nmap,It's a setup... Can you get the flags in time?
Detection Rules Development,https://tryhackme.com/room/detectionrulesdevelopment,medium,walkthrough,90,3688,2026-06-16,Blue,Detection engineering; SIEM engineering,,"ELK Stack (Elasticsearch,Logstash,Kibana)","Explore the types of detection, how to use them in Elastic, and the process behind effective rules."
broker,https://tryhackme.com/room/broker,medium,challenge,75,3662,2021-03-10,Red,Application penetration testing; Penetration testing; Red teaming,Linux; Web,,Paul and Max use a rather unconventional way to chat. They do not seem to know that eavesdropping is possible though...
Crylo,https://tryhackme.com/room/crylo4a,medium,walkthrough,60,3651,2023-08-11,Red,Application penetration testing; Code review; Exploit development; Network penetration testing; Penetration testing; Port scanning; Red teaming,Linux,,Learn about the CryptoJS library and JavaScript-based client-side encryption and decryption.
Wazuh: CVE-2026-25769,https://tryhackme.com/room/wazuhcve202625769,medium,walkthrough,45,3557,2026-03-31,Red,Application penetration testing; Penetration testing,Docker; Web,Wazuh,Learn how attackers exploit CVE-2026-25769 in Wazuh to gain RCE.
PalsForLife,https://tryhackme.com/room/palsforlife,medium,challenge,75,3530,2021-09-28,Red,Application penetration testing; Exploitation; Penetration testing; Red teaming,,Gobuster; Hydra; Nmap,Abuse a misconfigured Kubernetes cluster
Traffic Analysis Pitfalls,https://tryhackme.com/room/trafficanalysispitfalls,medium,walkthrough,90,3513,2026-06-04,,,,,"Learn about Visibility, Context, and Gaps in the traffic Analysis."
AppSec IR,https://tryhackme.com/room/appsecir,medium,walkthrough,60,3491,2025-09-15,Blue,Application security engineering; Incident response,Web,,An introduction into the overlapping worlds of AppSec and IR.
pyLon,https://tryhackme.com/room/pylonzf,medium,challenge,75,3474,2021-03-24,Red,Exploitation,Linux,,Can you penetrate the defenses and become root?
Carpe Diem 1,https://tryhackme.com/room/carpediem1,hard,challenge,120,3437,2020-06-12,Red,Penetration testing; Red teaming,Linux,Burp Suite; Nmap,Recover your clients encrypted files before the ransomware timer runs out!
VulnNet: dotjar,https://tryhackme.com/room/vulnnetdotjar,medium,challenge,75,3383,2021-04-23,Red,Exploitation; Penetration testing; Port scanning; Red teaming,Linux; Web,John the Ripper; Nmap,VulnNet Entertainment never gives up... are you ready?
Event Horizon,https://tryhackme.com/room/eventhorizonroom,hard,challenge,120,3349,2025-08-08,,,,,Unearth the secrets beyond the Event Horizon.
CVE-2026-43284: Dirty Frag,https://tryhackme.com/room/cve202643284,easy,walkthrough,30,3288,2026-05-13,Purple,Privilege escalation,Linux,,"Exploit Dirty Frag, a chained Linux LPE that bypasses every major distro's defences."
Misguided Ghosts,https://tryhackme.com/room/misguidedghosts,hard,challenge,120,3241,2020-10-14,Red,Application penetration testing; Penetration testing; Port scanning,Linux,Burp Suite; CyberChef; Hydra,Collaboration between Jake and Blob!
Re-Testing,https://tryhackme.com/room/retesting,medium,walkthrough,90,3223,2026-05-21,Red,Application penetration testing; Web application security,Web,,"Verify vulnerability remediations, spot incomplete fixes, and produce re-test reports for auditors."
Red Stone One Carat,https://tryhackme.com/room/redstoneonecarat,medium,challenge,75,3203,2021-05-12,Red,Brute force attacks; Privilege escalation; Scripting,Linux,,First room of the Red Stone series. Hack ruby using ruby.
Contrabando,https://tryhackme.com/room/contrabando,hard,challenge,120,3180,2025-08-15,Red,Application penetration testing; Network penetration testing; Penetration testing; Red teaming,Linux; Web,,Never tell me the odds.
Frank & Herby make an app,https://tryhackme.com/room/frankandherby,medium,challenge,60,3179,2021-11-02,Red,File system navigation; Port scanning; Privilege escalation; System administration,Linux,,Learn how the misconfiguration of containers can lead to opportunities for some and disasters for others.
envizon,https://tryhackme.com/room/envizon,hard,challenge,120,3029,2020-11-22,Red,Application penetration testing; Red teaming,Linux; Web,,Attacking the pentesters
GameBuzz,https://tryhackme.com/room/gamebuzz,hard,challenge,360,3011,2021-08-10,Red,Application penetration testing; Exploit development; Privilege escalation; Reverse shell techniques,Linux; Web,,Part of Incognito CTF
Plotted-EMR,https://tryhackme.com/room/plottedemr,hard,challenge,70,2937,2022-01-20,Red,Application penetration testing; Penetration testing; Red teaming,Linux,Metasploit Framework; Nmap; searchsploit,Everything here is plotted!
Plotted-LMS,https://tryhackme.com/room/plottedlms,hard,challenge,120,2823,2022-04-22,Red,Application penetration testing; Penetration testing; Privilege escalation; Red teaming,Linux,Dirbuster; Nmap; searchsploit,Everything here is plotted!
Motunui,https://tryhackme.com/room/motunui,hard,challenge,120,2808,2020-09-30,Red,Application penetration testing; Packet analysis; Penetration testing,Linux,Smbget; Wireshark,Hack the island of Motunui.
Frank and Herby try again.....,https://tryhackme.com/room/frankandherbytryagain,medium,challenge,60,2640,2022-06-03,Red,Exploitation; File system navigation; Port scanning; Reverse shell techniques,Linux,,Frank and Herby still don't know how to use kubernetes correctly.
Spring AI: CVE-2026-22738,https://tryhackme.com/room/springaicve202622738,medium,walkthrough,45,2549,2026-04-02,,,,,Exploit CVE-2026-22738: unauthenticated RCE via SpEL injection in Spring AI's SimpleVectorStore.
Token City,https://tryhackme.com/room/tokencity,medium,challenge,90,2475,2026-05-14,,,,,A collection of medium difficulty challenges available as part of our public 2026: An AI Odyssey CTF event.
Overflow The Jackpot CTF,https://tryhackme.com/room/thm-ctf-jackpot-overflow,medium,challenge,45,2434,2026-08-07,,,,,THM Defcon CTF Event
Chain Reaction,https://tryhackme.com/room/chainreaction-bt,medium,walkthrough,75,2115,2026-04-11,Blue,Log analysis; Malware analysis; Threat hunting,Linux,,Hunt down an Axios chain attack before the chain reaction spreads.
KQL (Kusto): Basic Queries,https://tryhackme.com/room/kqlkustobasicqueries,easy,walkthrough,60,2042,2025-03-05,Blue,SIEM engineering; Security analysis; Security operations; Threat hunting,Azure, Microsoft Sentinel,This room is designed to work you through basic KQL queries for analyzing security logs.
Introduction to Windows IR,https://tryhackme.com/room/introtowindowsir,easy,walkthrough,60,1961,2026-09-08,Blue,Incident handling; Incident response,Active Directory; Windows,,Begin your journey into incident response for Windows and Active Directory.
Cypheron,https://tryhackme.com/room/cypheron,insane,challenge,60,1664,2026-05-14,,,,,A collection of insane difficulty challenges available as part of our public 2026: An AI Odyssey CTF event.
Injectus IX,https://tryhackme.com/room/injectusix,hard,challenge,60,1494,2026-05-14,,,,,A collection of hard difficulty challenges available as part of our public 2026: An AI Odyssey CTF event.
Detecting Persistent DLL Attacks,https://tryhackme.com/room/detectingpersistentdllattacks,hard,walkthrough,120,533,2026-09-08,Blue,Detection engineering; Digital forensics; Endpoint security monitoring; Incident response; Log analysis; Security operations; Threat hunting; Timeline analysis,Windows,AutoRun; MFTCmd.exe; PowerShell; Sysinternals Suite,Hunt registered DLL persistence in Windows registry extension points across an offline triage collection
"Silver, Golden, and Diamond Tickets Detection",https://tryhackme.com/room/krbticketattacks,hard,walkthrough,90,297,2026-09-08,Blue,Active Directory pentesting; Defensive security; Detection engineering; Incident response; Log analysis,Active Directory,Mimikatz; Rubeus,Detect and investigate forged Kerberos tickets from the artifacts they leave behind.
RDP Lateral Movement Analysis,https://tryhackme.com/room/rdplateralmovementanalysis,medium,walkthrough,90,285,2026-09-08,Blue,Detection engineering; Digital forensics; Incident response; Lateral movement; Log analysis; Log correlation; Registry forensics; Threat hunting; Timeline analysis,Active Directory; Windows,Jumplist Explorer; PECmd.exe; Registry Explorer,Trace RDP lateral movement through Windows event logs and on-host triage artifacts.
Detecting LSASS Memory Dumping,https://tryhackme.com/room/detectinglsassmemorydumping,medium,walkthrough,60,204,2026-09-08,Blue,Digital forensics; Incident response; Log analysis,Windows,Mimikatz,Learn how to identify and defend against LSASS memory dumping with logs and artifacts.
